gene_id,Germinating_Cyst_vs_Zoospore,Mycelia_48h_vs_Germinating_Cyst,Mycelia_4d_vs_Mycelia_48h,Early_infection_vs_Mycelia_4d,Late_infection_vs_Early_infection
g123,1.94743130305613,-0.499069381842097,0.0,0.0,0.0
g717,-2.0121381904376,0.0,0.0,0.0,0.0
g719,0.0,-0.762050647599543,0.0,0.0,0.0
g720,0.0,2.68996763521302,-1.39842532760746,0.0,0.0
g721,1.22020756360922,0.0,-1.70191012136762,0.0,0.0
g718,1.39786572493767,1.60671519266329,-1.85509647032047,0.0,0.0
g742,-4.79728224388289,0.0,3.75538569784645,0.0,0.0
g743,-2.70517695031431,-2.14018336261063,3.25220786747516,0.0,-2.21658940570416
g744,0.0,0.0,-0.71857117447361,0.0,0.0
g773,-3.19707198535392,0.0,0.0,0.0,0.0
g774,-8.677479191128,0.0,2.11722082921711,0.0,0.0
g775,0.0,-1.24697593852934,1.48968410513081,0.0,0.0
g795,-1.09908235781577,0.0,0.0,0.0,0.0
g796,1.36644654530677,0.943143933771597,0.0,0.0,0.0
g797,0.811227134550248,0.0,-2.02551507973809,0.0,0.0
g798,-2.54257742790969,0.0,0.0,0.0,0.0
g976,2.83140837805621,-0.803474078018396,-0.934944755655691,0.0,0.0
g977,2.42450128241591,0.0,-2.45153367875826,0.0,0.0
g978,0.0,0.0,2.93289911748954,0.0,0.0
g989,-4.24227922844328,1.19867953852332,-2.11877648882121,0.0,0.0
g991,0.0,-1.7748566604506,1.16028481694681,0.0,0.0
g1642,1.04691007392478,0.0,0.0,0.0,0.0
g1643,0.0,0.0,-0.778390392059058,0.0,0.0
g1644,-3.52930269205996,0.0,-2.65337393443128,1.45952529030254,2.04905557765387
g1646,-1.24870043992836,0.0,0.0,0.0,0.0
g1647,0.0,0.0,1.12430994773897,0.0,0.752758782102476
g1645,1.48242155892521,0.0,-0.712280416997675,0.0,0.0
g1682,1.4340495524337,-0.715364700747442,1.35389986128382,0.0,0.0
g1683,0.0,0.0,-1.90498525138692,0.0,0.0
g1684,0.0,0.0,2.332514098695,0.0,0.0
g1685,0.0,0.0,2.00447124098922,0.0,0.0
g1686,2.55887931474509,2.94090572602509,-3.58762030901608,0.0,0.0
g1687,4.53328136405058,2.09991678344787,-2.19618598678441,0.0,0.0
g2087,-2.90716604265944,0.0,0.0,0.0,0.0
g2090,-1.833516440983,0.0,4.6749676216732,0.0,0.0
g2089,0.0,0.0,2.94011585760493,0.0,0.0
g2259,0.0,0.0,-0.686065809181179,0.0,0.0
g2258,1.01341072416518,-0.843320254910045,-0.879739916747518,0.0,0.0
g2282,1.41449023792598,-1.82825560824601,-0.731590558654379,0.0,0.0
g2284,1.35207426607998,-0.867592081649557,0.0,0.0,0.0
g2285,0.0,2.09492726103245,0.0,0.0,0.0
g2286,2.79036471467421,-0.871715705228343,0.0,0.0,0.0
g2343,0.0,1.83715615850314,-4.29890837894678,2.55000858706914,1.11735099664789
g2344,-4.99079003515017,5.88629161367208,-3.47558125983524,0.0,0.0
g2345,-2.23589449269507,0.0,0.0,0.0,0.0
g2346,0.0,0.0,5.94928760178863,0.0,-4.57343173052292
g2367,1.4982423400415,1.04843626700924,-3.39881098424346,0.0,0.0
g2368,0.0,0.0,-2.10997929423894,0.0,0.0
g2746,1.60535625004921,-1.786271322541,0.0,0.0,0.0
g2747,0.0,1.29463571537348,0.0,0.0,0.0
g2748,-1.16813226991046,0.0,0.0,0.0,0.0
g2749,2.70718492762099,-1.57420470201416,1.57165055655847,0.0,0.0
g2750,0.0,1.26744728930242,0.0,0.0,0.0
g2767,0.0,1.4550749473941,0.0,0.0,0.0
g2790,0.0,2.09434665377409,0.0,0.0,0.0
g2792,-2.87219227967636,2.19641442510099,0.0,0.0,0.0
g2791,-0.844706640936924,0.0,-1.4963329254134,0.0,0.946530730852608
g2866,-0.865632020028906,1.59790193055095,0.0,0.0,0.0
g2867,-2.17655634414309,2.99528215885569,0.0,0.0,0.0
g2868,0.0,0.0,-1.5899450673952,0.0,0.0
g2900,0.0,2.76389496683014,1.13990896983437,0.0,0.0
g3003,-3.51651249992498,1.50314285816509,0.0,0.0,0.0
g3005,0.0,-3.13950442536422,1.78994713746668,0.0,-0.993840475642546
g3006,-1.60146563975135,-2.0687566575061,2.75142766457319,0.0,0.0
g3007,0.0,-1.43878623512646,2.40445334408225,0.0,0.0
g3004,-5.49527934059934,5.30034464785591,0.0,0.0,0.0
g3070,0.0,0.0,-3.92757036778809,0.0,0.0
g3072,-3.29803010616313,3.34385166874676,0.0,0.0,2.57214107419749
g3106,-5.59964129430843,0.0,5.9528617813438,0.0,0.0
g3107,-3.10454430453252,1.8960559259876,0.0,0.0,0.0
g3108,-1.72393979594634,3.04583522471733,0.0,0.0,0.0
g3121,0.0,0.0,-2.13981869963814,0.0,0.0
g3122,-5.2108597817233,3.1070004764947,1.47684499519996,0.0,1.55155572078225
g3123,0.0,-1.02125561128733,2.82485557152249,0.0,0.0
g3145,3.59374540946645,0.0,0.0,0.0,0.0
g3146,1.41967738850317,-3.24636520295669,3.58765402553675,0.0,0.0
g3226,-5.06591736734481,0.0,0.0,0.0,-2.98888021504645
g3227,-5.19865530670834,0.0,6.26005026642963,0.0,0.0
g3585,0.0,-0.618333877202354,0.827977320735318,0.0,0.0
g3586,0.0,1.39650068086246,-0.969868816939028,0.0,0.0
g3587,-2.5479165930015,0.0,3.76639434023317,0.0,0.0
g3588,-2.21339293382893,-1.64417147006052,0.0,0.0,0.0
g3589,1.40625664586144,0.0,0.0,0.0,0.0
g3618,0.0,1.66002707658161,1.40764680859522,0.0,0.0
g3620,-2.32076978095981,-1.73736404223129,1.44762683638908,0.0,0.0
g3621,1.11903273416171,0.0,0.0,0.0,0.0
g3622,0.0,0.0,-0.855212002410139,0.0,0.0
g3623,0.0,-2.04750520095533,2.09807748861246,0.0,-1.09763657738691
g3619,-2.50333114545339,0.0,1.52494349983308,0.0,0.0
g3746,0.0,0.0,5.27522441870101,0.0,0.0
g4100,0.0,0.0,-0.851240443722555,0.0,0.0
g4101,-2.52484819910474,0.0,0.0,0.0,0.0
g4102,-4.34298848442997,0.0,6.38686923103879,0.0,0.0
g4203,-3.61740401437271,0.0,2.2536632270303,0.0,0.0
g4204,0.0,0.0,3.75244861816051,0.0,0.0
g4205,-9.37106806564307,0.0,0.0,0.0,0.0
g4208,0.0,0.0,1.90109148352695,0.0,0.0
g4207,-4.9231793864497,0.0,3.05484249880797,0.0,0.0
g4444,0.0,0.0,-1.30083352203587,0.0,-1.01917132651578
g4445,-7.35650707361933,0.0,0.0,0.0,0.0
g4479,-2.97005914752773,-1.47741090465571,1.4486558254858,0.0,0.0
g4480,-2.80867644304763,0.0,0.0,0.0,0.0
g4481,-2.58733217627785,0.0,2.51638079384171,0.0,0.0
g4669,1.2398551276791,0.795149870031515,0.0,0.0,0.0
g4668,1.60716635989355,0.0,-1.01340930527624,0.0,0.0
g4680,0.0,1.03266414975537,0.0,0.0,0.0
g4681,-1.8172938931772,1.6618261909425,-1.09462462685676,0.0,0.0
g4682,2.59967832091462,1.66361016314263,-2.14682273427673,0.0,0.0
g4683,-7.46641712896735,0.0,5.37107001611357,2.00464782694232,-3.84961142612296
g4703,0.0,-2.07282626841662,0.0,0.0,0.0
g4704,0.0,-2.8605559069819,3.4398125709957,0.0,0.0
g4705,0.0,2.25633191570182,0.0,0.0,0.0
g4811,-3.57070652692441,0.0,3.21644969518597,0.0,0.0
g4812,2.42831793582029,0.0,0.0,0.0,0.0
g4819,-0.708994972464077,0.0,0.0,0.0,0.8311586010779
g4821,2.73204025471504,-1.11927718512446,1.34698888486563,0.0,0.0
g4822,0.0,0.0,-1.89441199311552,0.0,0.0
g4830,-1.18456982503919,0.0,1.11462953897134,0.0,0.0
g4863,-1.10553730298254,0.0,0.966178734759545,0.0,0.0
g4862,0.0,0.0,-2.43113171901326,1.2671895887268,-1.11157975012139
g5080,-2.03614870706244,0.0,0.0,0.0,0.0
g5081,-2.34615173756545,0.0,1.63516074203729,0.0,0.0
g5082,-6.83535235820763,2.09847710738673,2.98673353217511,0.0,0.0
g5083,-1.29050956154728,0.0,0.0,0.0,0.0
g5102,-3.80348417626636,-1.52469048243176,5.97966203366654,0.0,0.0
g5103,-8.68913398680381,0.0,2.70776770439412,0.0,0.0
g5104,-2.15777481217186,1.23351744051001,0.0,0.0,0.0
g5209,-5.39553411914748,0.0,0.0,0.0,0.0
g5210,-5.97162893927352,0.0,0.0,0.0,0.0
g5498,1.72215366181917,0.0,0.0,0.0,0.0
g5516,0.0,3.98498859015505,3.26332812012867,0.0,0.0
g5522,-1.81576697269991,0.0,2.28623170047844,0.0,0.0
g5523,-6.85228950548873,0.0,0.0,0.0,0.0
g5524,-8.42249226449086,0.0,0.0,0.0,0.0
g5525,-9.16582169241696,0.0,3.97877302719648,0.0,0.0
g5526,-2.26624749354126,2.91334118056516,-1.68265247790639,0.0,0.0
g5527,1.4849282585632,0.0,0.0,0.0,0.0
g5592,0.0,0.0,3.84227481207068,0.0,0.0
g5595,-1.36762750746609,0.0,2.50653567468463,0.0,0.0
g5597,0.0,0.0,2.54517511812538,0.0,0.0
g5621,-0.984233924702225,-1.35503213358418,1.24218783014638,0.0,0.0
g5622,-5.21683790544029,0.0,0.0,0.0,4.35467914522481
g5623,0.0,0.0,-2.8160914301827,0.0,0.0
g6079,0.0,1.0207674191723,0.0,0.0,0.996952924263563
g6081,0.70854008804094,-1.46432358828322,0.0,0.0,0.0
g6082,0.0,-1.31586415775167,0.0,0.0,0.0
g6109,-4.26880405498283,0.0,6.0014940434812,0.0,0.0
g6111,-3.31384066177552,2.05476383997499,0.0,0.0,0.0
g6112,0.0,1.75456407086969,0.0,0.0,0.0
g6113,0.0,-1.07317256111949,-1.01081747854053,0.0,0.0
g6114,1.36009148651108,0.0,-1.56103954692163,0.0,0.0
g6262,0.0,2.77025490420605,-1.94163605537517,2.7096808268044,-2.74087173032458
g6265,-1.21576010168679,-1.70216079668504,2.52744359892065,0.0,0.0
g6282,-0.928500488892603,0.0,-0.679322763835075,0.0,0.0
g6284,0.0,-1.63047971280321,1.70694728468879,0.0,-3.25785024675048
g6285,0.0,0.0,-1.27306585786768,0.0,0.0
g6286,1.68028146705126,0.0,0.0,0.0,0.0
g6283,0.0,-1.00356294080393,1.86889906306142,0.0,0.0
g6492,1.32345776498901,-0.824046615201568,1.02401609944386,0.0,0.0
g6493,1.71937077238745,-1.15360416907089,0.0,0.0,0.0
g6495,4.49741435032446,0.0,0.0,0.0,0.0
g6516,0.0,-1.31830548103015,0.0,0.0,0.0
g6517,-2.08317762729228,0.0,0.0,0.0,0.0
g6518,0.560366489542778,-1.04205314570431,-1.25020298999534,0.0,0.0
g6788,1.62894328461483,-1.13752629884231,0.0,0.0,0.0
g6792,-3.96182574410582,2.11724682737715,0.0,0.0,0.0
g6804,1.00302499450688,0.0,0.0,0.0,0.0
g6806,-1.64989707195584,1.26738128659599,-1.45935056715158,0.0,0.0
g6807,0.0,1.93850607944191,0.0,0.0,0.0
g7198,0.0,1.31005638798275,-1.36967022281394,0.0,0.0
g7201,1.83908269993239,-2.3276659724778,0.0,0.0,0.0
g7202,-1.79883651264249,2.27196322260496,0.0,0.0,0.0
g7203,0.0,-1.31829282422396,-1.20451200507837,0.0,-1.04516995536027
g7197,0.0,-1.00030417374576,0.0,0.0,0.0
g7207,-0.845199395109296,0.576412988239775,-0.780421682218537,0.0,0.0
g7208,-4.17162175002795,0.0,0.875770612670101,0.0,1.82577151274914
g7209,-1.3786461224081,2.04063554737758,-2.10647398722511,0.0,0.0
g7210,-6.03507491649122,0.0,0.0,0.0,0.0
g7211,0.0,-1.27085057568926,0.0,0.0,-1.5960753032293
g7244,0.855273180586052,-1.55927145380526,0.0,0.0,0.0
g7246,0.0,0.0,2.36131804705985,0.0,0.0
g7247,0.0,-1.28936006133804,1.58422150260531,0.0,0.0
g7251,-1.37847768450385,1.85008377236458,-2.26673844264434,0.0,0.898100461978375
g7253,0.0,0.0,-0.821879679263225,0.0,0.0
g7254,-2.50808143451284,0.0,0.0,0.0,0.0
g7252,-7.01916103350596,0.0,0.0,0.0,0.0
g7607,4.71227408144611,1.62675600067989,-1.91340903369889,0.0,0.0
g7609,0.0,-1.80352376788018,-3.15930444353841,1.99327693709584,-2.79572938996072
g7610,-5.32679062353659,0.0,1.33744732342708,0.0,0.0
g7606,-1.22250598701847,0.0,1.62366547059238,0.0,0.0
g8049,0.0,0.0,2.36952703414168,0.0,0.0
g8050,0.0,0.0,3.20456240932328,0.0,0.0
g8051,0.0,0.0,2.41787286802779,0.0,0.0
g8063,-4.62381355066364,11.7295550867086,-5.64106537376955,2.81260147587924,-3.27886109146096
g8133,0.0,0.0,5.73141332795888,0.0,0.0
g8134,-7.03944451141594,0.0,-1.65972445518198,0.0,0.0
g8135,3.11200839582825,0.0,-4.35912292519873,0.0,-1.47110798639588
g8150,0.0,-2.70230327842705,2.05974017649291,0.0,0.0
g8151,0.0,0.0,0.0,0.0,1.32130897518694
g8203,-7.20832202215988,5.0733039415819,0.0,0.0,0.0
g8205,0.0,0.0,-2.86553111343596,0.0,0.0
g8206,1.46356774489728,0.0,0.0,0.0,0.0
g8237,0.0,-2.92413054752113,1.91857887891511,0.0,0.0
g8263,0.78358831764319,0.947451174875818,-0.843843081631805,0.0,0.0
g8264,4.00484636084156,0.0,1.79367331369596,0.0,0.0
g8267,0.0,0.0,1.91073511538322,0.0,0.0
g8389,-2.77349339960709,0.0,3.74215676530311,0.0,0.0
g8390,0.0,0.0,1.70466492516727,0.0,0.0
g8543,-1.64445154452201,-1.6775241715574,1.42729307575693,0.0,0.0
g8544,-4.48267975424834,0.0,2.75634507131034,0.0,0.0
g8545,5.0519898832901,0.0,-3.37491549422045,3.73260888594501,-2.85947842595461
g8546,-4.9876919791111,0.0,0.0,0.0,0.0
g8547,-4.75027221480877,0.0,1.8555379249408,0.0,0.0
g8577,-4.54454393683246,0.0,0.0,0.0,0.0
g8578,-3.90925283669278,2.01301848874512,0.0,0.0,0.0
g8579,3.17927289655358,0.0,0.0,0.0,0.0
g8580,2.56553509167771,0.0,0.545592732887251,0.0,0.0
g9362,-5.09024012373957,4.38037757831786,0.0,-2.25061661449626,0.0
g9363,0.906335160629193,-0.957405460225583,0.0,0.0,0.0
g9361,-3.89549536029605,4.48474203920807,0.0,0.0,0.682516829192826
g9400,-1.68286094655466,0.0,4.21408674084883,0.0,0.0
g9401,3.64723332264273,0.0,-2.07830496446611,0.0,0.0
g9465,0.807476442934435,0.0,0.0,0.0,0.0
g9466,0.0,-0.785985202689376,-1.3732689269645,0.0,0.0
g9508,0.0,0.0,1.07494413677639,0.0,0.639746834838363
g9684,0.0,0.0,1.46621680016058,0.0,0.0
g9685,0.800048325466354,0.0,0.0,0.0,0.0
g9686,-4.82018863080316,0.0,0.0,0.0,0.0
g9687,-1.39000526988284,0.0,1.70942121832046,0.0,0.0
g9697,1.57170565035114,-1.4299675223156,0.0,0.0,0.0
g9698,2.51520755799746,0.0,-1.10663996622421,0.0,0.0
g9699,1.97544257667567,1.56886422006334,-2.05350059862033,0.0,0.0
g9700,0.871462885422926,0.862421564803202,-1.85244956546993,0.0,0.0
g9701,0.0,0.0,2.10162045920129,0.0,0.0
g9696,1.14357836112175,0.0,0.0,0.0,0.0
g9750,1.25511914268652,0.0,0.0,0.0,0.0
g9751,0.0,0.0,5.19147070833562,0.0,0.0
g9756,0.0,0.0,1.01421166416346,0.0,0.0
g9757,3.08439111348551,0.0,1.87634946941384,0.0,0.0
g9758,1.22828574141274,0.0,-2.10650721905944,0.0,0.0
g9785,0.0,0.0,0.767420787279995,0.0,0.0
g9786,4.35855745529433,0.0,-2.78523491292206,0.0,0.0
g9787,3.19714133158522,-1.13710820633149,0.0,0.0,-1.27094632758877
g9788,1.59363901208303,0.0,0.0,0.0,1.47346915499193
g9788,1.59363901208303,0.0,0.0,0.0,1.47346915499193
g9790,-5.49125317495122,5.38531564852617,0.0,0.0,0.0
g9791,0.0,0.0,0.0,0.0,-6.2891533641193
g9792,1.28937554437378,0.0,0.598746606768754,0.0,0.0
g9793,1.61986351077924,-1.57919838924246,1.46123472558594,0.0,0.0
g9826,0.0,-0.568131713662761,0.0,0.0,0.0
g9827,0.0,0.0,1.10321614535479,0.0,0.0
g9958,1.82489834368197,0.0,1.11049431683015,0.0,0.0
g9959,0.0,-1.68829344058982,2.30612735838512,0.0,0.0
g9960,1.62431813148543,0.0,-1.31216191327397,2.05628510622974,-2.879515087873
g9962,2.30412065547636,-1.0891523954105,1.13818718407682,0.0,0.0
g9963,-5.05971809417839,0.0,3.48687590881,0.0,0.0
g9961,0.0,0.860291383877605,0.0,0.0,0.0
g10153,0.0,0.0,10.5284173124147,0.0,0.0
g10154,-1.51096785989433,0.0,-2.42232117805046,0.0,0.0
g10257,1.50903552487936,0.0,0.0,0.0,0.0
g10260,0.0,4.64619372956104,-2.48495115178024,0.0,0.0
g10261,-6.06623113111357,2.87137939317747,2.46871321756719,0.0,1.40779983618155
g10262,-6.3126956109118,4.67039597187811,-0.902539035034705,0.0,1.72405767383442
g11157,-8.85993326569806,0.0,0.0,0.0,0.0
g11159,-2.39941047299825,0.0,2.26622069743984,0.0,0.0
g11160,-0.865176855349911,0.0,0.0,0.0,0.0
g11158,-7.75241674617769,0.0,0.0,0.0,0.0
g11215,0.0,2.38424930027169,-3.11438951786737,0.0,0.0
g11438,1.15986655925698,0.0,0.0,0.0,0.0
g11436,0.0,2.40835413678826,-2.97951893346842,0.0,0.0
g11447,1.96192006148526,0.0,0.0,0.0,0.0
g11448,0.0,0.0,-2.07683592361346,0.0,0.0
g11449,1.21672301728927,0.820333459923851,-0.792022825979219,0.0,0.0
g11551,-1.95953009787124,0.0,1.78851760274178,0.0,0.0
g11569,-2.98418217304634,1.48832847241846,1.50132945747767,0.0,0.0
g11570,0.0,0.0,1.76461651715443,0.0,0.0
g12116,0.0,0.0,5.08370877413965,0.0,0.0
g12117,1.85948067840625,0.0,2.32277646257673,0.0,0.0
g12451,-6.65493494070095,0.0,0.0,0.0,0.0
g12467,-6.95151631427177,0.0,0.0,0.0,0.0
g12468,-6.67245318296051,0.0,0.0,0.0,0.0
g12624,-2.81842740791112,0.0,0.0,0.0,0.0
g12625,1.31837787843078,-1.62048769282562,1.99351859465104,0.0,0.0
g12626,-3.00361610137971,0.0,0.0,0.0,0.0
g12637,-3.04988068605443,0.0,0.0,0.0,0.0
g12638,-1.04692034322389,1.31912170545562,-1.40493271513552,0.0,0.792600187777422
g12639,3.21521373076418,0.0,0.0,0.0,0.0
g12646,-3.36781229612302,0.0,0.0,0.0,0.0
g12647,1.22829497528187,-1.80381452938333,0.0,0.0,0.0
g12703,0.0,1.78294556318758,-1.94687046261133,1.60751201094333,-1.49657920993656
g12822,-2.69482628712933,0.0,-0.850209602813782,0.0,1.28771600941965
g12823,0.961189659041305,0.0,0.0,0.0,0.0
g12824,-6.46597473140264,0.0,0.0,0.0,0.0
g12848,-4.36899904784079,0.0,1.50978195788916,0.0,0.0
g12849,-2.23454505784831,0.0,0.0,0.0,0.0
g12847,-6.30325835339956,0.0,0.0,0.0,0.0
g13220,2.7037449399863,0.0,0.0,0.0,0.0
g13221,0.0,0.0,1.58596468694771,0.0,0.0
g13251,-1.21749395561534,0.0,2.19344577297593,0.0,0.0
g13252,-1.72172440672742,0.0,2.52661122204372,0.0,0.0
g13312,-2.9806847069707,0.0,4.67105583852882,0.0,0.0
g13314,-3.2398891917265,0.0,7.00843837198616,0.0,0.0
g13313,0.0,0.0,-0.79235335815747,0.0,0.0
g13326,0.0,0.0,3.55258815788153,0.0,0.0
g13327,-1.20532248692255,-0.768070233574548,0.0,0.0,0.0
g13325,-2.82503033615505,-1.49724054579724,2.96926432899548,0.0,0.0
g13396,0.0,0.0,-3.25492614156968,0.0,0.0
g13397,-6.37585949988311,0.0,4.26836899981295,0.0,0.0
g13437,-8.56073227158584,0.0,0.0,0.0,0.0
g13438,1.03251386209208,0.0,-1.71538693058278,0.0,0.0
g13439,0.0,0.0,-1.08588697244551,0.0,0.0
g13440,3.20286702284197,-2.38720423233915,0.0,0.0,0.0
g13448,-7.2521538588623,0.0,2.83090436177901,0.0,0.0
g13450,0.0,-0.878638151604696,-0.748739361117531,0.0,0.0
g13452,0.0,1.07953703745493,0.0,0.0,0.0
g13451,-5.97925799500549,0.0,0.0,0.0,0.0
g13518,-3.8674560261017,0.0,0.0,0.0,0.0
g13523,-5.3033906875193,5.3102282029889,1.92482115047538,0.0,0.0
g13519,-3.91049209634403,0.0,0.0,0.0,0.0
g13552,-8.18949347864502,5.13772975459178,0.0,0.0,0.0
g13553,-6.58030053925747,0.0,0.0,0.0,2.25353563993941
g13554,1.41197294295241,3.96781094233019,-5.72942306077819,0.0,0.0
g13555,0.0,4.39402534013672,-2.43866643193737,0.0,0.0
g13618,-6.22167179481222,0.0,2.24131288703545,0.0,0.0
g13617,0.0,-1.65623774911398,0.0,0.0,0.0
g13636,-5.82956875058915,3.53019129325708,0.0,0.0,0.0
g13637,-1.56448180498815,0.0,0.0,0.0,0.0
g13641,-2.68134130602719,0.0,0.0,0.0,0.0
g13642,3.15783314346626,-1.57763741897159,-2.41761825122073,0.0,-1.51234301383925
g13643,0.0,0.0,-0.649791222399376,0.0,0.0
g13644,1.63632941273695,-1.30835985893808,1.81533328599572,-1.1984336726745,0.0
g13807,2.4520386862393,0.0,-1.61429815036416,0.0,0.0
g13808,0.0,0.0,4.41716194936721,0.0,0.0
g13810,1.65371216712647,0.0,0.0,0.0,0.0
g13811,0.0,0.0,2.66368184087947,0.0,0.0
g13812,0.0,-1.18683612010232,0.0,0.0,0.0
g13813,-0.789353972306449,-0.862520537228472,-2.03355055035844,0.0,0.0
g13815,4.19607473093986,-3.17246878106059,2.39901978451877,0.0,0.0
g13814,0.990570625762453,0.0,0.0,0.0,0.0
g13863,1.86577757221895,0.746070293786119,-1.02693131755552,0.0,0.0
g13874,0.0,0.0,3.1104574410065,0.0,0.0
g13904,-5.94620452984433,0.0,2.33167250170524,0.0,0.0
g13905,-6.37335971506576,0.0,3.57268235291574,0.0,0.0
g13906,-3.57521538303677,0.0,0.0,0.0,0.0
g13922,-5.77766968749004,5.24729490247587,0.0,0.0,0.0
g13923,-1.94284177492593,0.0,4.14096870608299,1.89636762017589,-1.77406054719527
g14181,-3.97858584846778,0.0,2.34125393677527,0.0,0.0
g14386,0.0,0.0,4.20739999210772,0.0,0.0
g14402,0.0,0.0,3.78074455609246,0.0,0.0
g14503,0.0,0.0,1.63060064041105,0.0,0.0
g14504,0.0,1.06854181358831,0.0,0.0,0.0
g14527,-1.49018915324131,1.69117214252591,-2.51884157557281,0.0,0.0
g14528,-7.71556676233062,0.0,0.0,0.0,2.67514928754869
g14529,5.19532829255886,0.0,-3.5685715776057,1.5936890979678,-2.98439555064255
g14558,8.43902954144059,0.0,-2.69888170852873,0.0,-4.39457123812559
g14607,0.0,0.0,0.887140013393115,0.0,0.0
g14608,0.0,1.4318825948838,0.0,0.0,0.0
g14609,2.86602401577061,0.0,-1.26341841584527,0.0,0.0
g14610,0.0,-2.95962657960418,1.76898836150153,0.0,-1.11753740008367
g14738,-2.52628825801624,0.0,4.92025554301245,0.0,0.0
g14739,0.0,0.0,4.87804507146,0.0,0.0
g14783,2.30305255824589,1.91739614134494,-2.37154495900248,0.0,-1.46885194844857
g14784,0.0,3.55845123579524,0.0,1.64206743522538,0.0
g14785,2.664193945073,0.0,0.0,0.0,0.0
g14865,-2.66637213408451,1.6579651066213,-1.719044416968,0.0,0.0
g14866,0.0,0.0,6.36545077514879,0.0,0.0
g14867,0.0,0.0,-3.61606223525454,0.0,0.0
g14886,2.8500276120775,0.0,0.0,0.0,0.0
g14887,-3.58102812265046,0.0,0.0,0.0,0.0
g14888,0.0,0.0,-2.40901775142002,0.0,0.0
g14889,0.968904986131612,-2.1037732144233,-2.32375552898571,0.0,0.0
g15127,-1.09849373723446,0.0,0.0,0.0,0.0
g15128,-1.9755479773472,2.57915576433563,-3.5499664965271,0.0,0.0
g15147,-0.983521645737326,2.27735715803537,-2.37698362603325,0.0,0.0
g15346,-4.27651167066683,4.19698317826124,0.0,0.0,0.0
g15347,-3.20425832084516,3.98848908048668,0.0,0.0,0.0
g15345,-1.12171892794037,0.0,-1.43535903357679,0.0,0.0
g15347,-3.20425832084516,3.98848908048668,0.0,0.0,0.0
g15348,1.43344550535743,-1.72841536696063,0.0,0.0,0.0
g15350,0.0,0.0,-0.662998543915033,0.0,0.0
g15362,-5.67310229073729,4.95996890998565,0.0,0.0,0.0
g15363,-0.989778772849469,0.0,-0.980453982538034,0.0,0.0
g15364,0.0,0.0,-2.43033794090395,0.0,0.0
g15365,0.0,0.0,-2.20723302595853,0.0,0.0
g15370,1.783869027784,0.690193869277999,0.0,0.0,0.0
g15371,0.911064718999396,0.0,1.24944119654704,0.0,0.0
g15372,0.0,2.52700706807,0.0,0.0,0.0
g15518,0.0,0.0,2.15339141119106,0.0,0.0
g15519,0.900698063872949,-0.98932445872845,-0.719714390256142,0.0,0.0
g15520,0.0,-2.43899860308435,2.24095461513759,0.0,0.0
g15521,-1.74914358081385,0.0,2.16941461564718,0.0,0.0
g15555,0.0,-2.0930503831177,0.0,0.0,0.0
g15556,0.917389219796031,-1.28168143464162,-1.29889090247569,0.0,0.0
g15558,-3.58083688768057,0.0,0.0,0.0,0.0
g15559,-6.8997758241901,8.86116013048994,0.0,0.0,0.0
g15560,-4.28896331179887,5.82476676171386,0.0,0.0,0.0
g15561,0.0,0.0,0.0,0.0,0.69503416763809
g15562,0.0,0.0,-1.0019736655738,0.0,1.5221227556239
g15557,-1.4609322166926,-0.815711264006376,0.82962420876573,0.0,0.0
g15579,3.84177678598805,-1.58712293021765,-3.24234148272076,0.0,-2.475687835558
g16014,2.74423010748452,0.0,2.05078853014678,0.0,0.0
g16015,0.759138573857382,0.842955134313094,0.0,0.0,0.0
g16030,0.0,-0.980274710891898,-1.84277046252742,0.0,0.0
g16029,-1.81838716296739,0.0,-1.32376110256714,0.0,0.0
g16134,1.03364723095662,0.0,-1.95924837824311,0.0,0.0
g16135,2.04490753994785,-0.706449600211929,0.0,0.0,0.0
g16136,1.48246650538461,-1.49401727986811,-0.927402845930267,0.0,-1.28878940799606
g16137,1.3562275463939,-2.18925415606406,3.46281770263621,0.0,0.0
g16138,0.0,-1.71992926021351,1.19961362679628,0.0,0.0
g16139,0.0,-1.4700850968595,0.0,0.0,0.0
g16133,-0.606993720819153,-1.97809866986936,1.85901460214116,0.0,0.0
g16186,0.0,0.0,1.41977255547752,0.0,0.0
g16187,-1.52806437127354,0.0,2.55960534599895,0.0,0.0
g16188,-4.38395961128771,0.0,4.31552387511366,0.0,0.0
g16218,0.77429881368074,-1.20126488521054,2.87918185448604,-0.758614487018693,0.0
g16219,0.0,0.782876978459915,0.0,0.0,0.0
g16220,-1.92295223517422,-0.968864703608468,0.0,0.0,0.0
g16230,0.0,-3.40688595422629,1.64839488578994,0.0,0.0
g16229,-4.05168331904412,0.0,0.0,0.0,0.0
g16287,0.0,0.0,-1.72741801369653,0.0,0.0
g16345,2.64939099094275,0.0,0.0,0.0,0.0
g16347,-2.45085139537302,0.0,-1.10374987993444,0.0,0.0
g16346,0.0,-0.651286185024596,0.0,0.0,0.0
g16418,0.0,-0.686363027197111,0.952875494114339,0.0,0.0
g16419,-2.93551756464467,0.0,0.0,0.0,0.0
g16527,-1.54602561125775,-1.93110097897857,1.35608944471332,0.0,-1.33510381758646
g16529,-1.37978521152119,-0.777251134750093,1.2007668315877,0.0,0.0
g16530,4.75428044178998,0.0,-4.04125692414771,4.03791288797545,-5.37229298448252
g16531,4.98278228373992,0.0,-4.77461723122434,3.26445060708438,-4.45523625465039
g16528,-2.11716631235455,-1.03136892464705,1.00735539317802,0.0,0.0
g16562,-0.866274040406472,0.0,0.0,0.0,0.830391091314543
g16561,0.0,0.0,1.40735823008555,0.0,0.0
g16564,4.65853657321884,0.0,-3.59086042970194,3.94024589465425,-4.57695166073862
g16565,1.59635606244266,-1.09182311946706,0.664301106546876,0.0,0.0
g16566,0.905419424148968,0.0,-1.18402748381384,0.0,0.0
g16567,0.749557105698173,-1.00667929376673,0.0,0.0,0.0
g16630,0.0,2.1881210112031,0.0,0.0,0.0
g16631,-0.815482438789239,0.0,0.814660619670019,0.0,0.0
g16728,1.10063685914435,0.0,-1.51843704690784,0.0,0.0
g16729,0.0,0.0,1.28948486563732,0.0,0.0
g16756,0.0,0.679328702195062,-1.38785215334687,0.0,0.0
g16758,-1.26633816489679,0.0,3.58651455386725,0.0,0.0
g16759,0.0,0.0,-1.07405311417006,0.0,1.50182288734007
g16760,0.0,0.0,-2.47630926778652,0.0,0.0
g16761,1.41731397785149,0.0,0.0,0.0,0.0
g16757,1.36361523941739,0.0,-1.02326728236778,0.0,0.0
g16761,1.41731397785149,0.0,0.0,0.0,0.0
g16762,0.0,0.0,-1.26659320985099,0.0,0.0
g16763,0.0,0.0,-1.56445858880428,0.0,0.0
g16787,0.0,0.838261462819453,-1.44381665308302,0.0,0.0
g16788,1.6963619651236,0.0,0.0,0.0,0.0
g16789,0.0,0.0,2.92492029348676,0.0,0.0
g16790,0.0,0.0,-1.61472768074437,0.0,1.98500223064687
g17333,-2.01619163101771,0.961178012951758,-1.53562890308336,0.0,0.0
g17334,0.0,-1.08509876735301,0.976366328506067,0.0,-1.05603873731441
g17332,-3.18404896108168,0.943172941716619,0.0,0.0,1.0929601407932
g17346,2.77098187865214,0.0,-0.805877214691322,0.0,0.0
g17347,-0.777489628988883,-1.92284886171054,0.0,0.0,-1.06278387002228
g17348,0.0,0.0,1.01756742477764,0.0,0.0
g18118,-2.19626395040789,0.0,5.05857806273329,0.0,0.0
g18137,-3.88922583046044,0.0,1.37273000470042,0.0,0.0
g18378,-6.10674497854635,0.0,5.90265146691255,0.0,0.0
g18379,-2.39739112781488,0.0,0.0,0.0,0.0
g18380,-2.61019364825714,0.0,2.35036148189158,0.0,0.0
g18958,0.0,0.0,-2.78941053067505,0.0,0.0
g18959,2.63520542152177,-0.952649966110113,-0.994676816126344,0.0,0.0
g18960,1.3697596593199,-1.49771986977954,0.0,0.0,0.0
g18961,2.31175351462084,0.0,-1.52315951217352,0.0,0.0
g19047,1.49436929970604,-0.809685432485001,0.0,0.0,0.0
g19048,0.929396455391927,-1.596843271057,1.11581393677232,0.0,0.0
g19049,2.4768585225418,0.0,0.973943503133292,0.0,0.0
g19050,2.13819414459965,-0.786731059604472,0.0,0.0,0.0
g19051,0.0,0.0,-2.42054319195004,0.0,0.0
g19553,0.0,0.0,-2.01196095094746,0.0,0.0
g19554,2.28847032199184,3.36155664209046,-4.2020379627607,1.30785394715875,-0.743196501394393
g19611,0.0,0.0,-1.32448030374722,0.0,0.0
g19612,1.17713773772384,0.0,-2.33978460230588,0.0,0.0
g19613,0.978932715118215,-1.127844669685,0.0,0.0,0.0
g19614,3.13830808052219,-3.46413608907775,4.16627097597908,0.0,0.0
g19794,0.0,-1.12156261939237,0.0,0.0,0.0
g19795,-1.50758416440658,0.841045114693888,-1.40456539921178,0.0,0.0
g19796,-3.08780927021523,0.0,-2.14139921073606,0.0,0.0
g19797,-7.37120336731305,0.0,0.0,0.0,0.0
g19798,3.48217426962499,1.20966676845338,-1.38072379878871,0.0,0.0
g19799,-3.48063415482249,0.0,-2.75238476547128,0.0,4.23347238148509
g19836,0.0,0.0,-0.807894904256543,0.0,0.0
g19837,0.0,-2.25987197914518,1.45795840159066,0.0,0.0
g19838,-0.83322082569901,0.0,-0.857001821377151,0.0,0.0
g19876,0.0,0.0,-1.99559859398631,0.0,0.0
g19896,2.63838501461185,0.0,0.0,0.0,0.805669474435173
g20036,-2.15476796533188,2.84633704041009,-1.02624994293855,0.0,0.0
g20047,0.0,-1.44781160970407,1.87585441003419,0.0,0.0
g20048,-3.95236220994661,0.0,0.0,0.0,0.0
g20049,-2.21799661296997,0.0,0.0,0.0,0.0
g20050,-8.91318789447506,0.0,0.0,0.0,0.0
g20051,-11.3549134457955,0.0,2.97091229600369,0.0,0.0
g20052,-3.07208651486922,2.09106537519411,1.257291393073,0.0,0.0
g20046,0.0,0.0,4.6224447374035,0.0,0.0
g20055,0.0,0.0,-1.54416272912543,0.0,0.0
g20056,0.0,0.0,-1.00205519352334,0.0,0.0
g20058,0.0,0.0,2.31133085935692,0.0,-2.81562756163642
g20059,-5.19385663585551,0.0,3.43893001154297,0.0,0.0
g20078,-5.72007221060352,0.0,0.0,0.0,0.0
g20079,-10.5722887641811,0.0,0.0,0.0,0.0
g20081,-1.88398591353286,2.34973713656464,1.13625937755275,0.0,0.0
g20080,-2.82187073079393,2.529237856367,1.99289714444893,0.0,0.0
g20083,0.0,0.0,-3.16257350383643,0.0,0.0
g20084,0.0,0.0,1.55822171926065,0.0,0.0
g20085,-2.3177952984117,0.0,4.11337576292436,0.0,-2.24098257219081
g20086,-4.58975553672282,0.0,3.45617593152533,0.0,0.0
g20087,0.0,0.654927051868662,-0.668097729594282,0.0,0.0
g20428,0.0,0.0,1.0451790559461,0.0,0.0
g20429,2.33803227409588,1.54386107202307,-1.27354545539085,0.0,0.0
g20430,0.0,-1.7048369947531,0.491166584570144,0.0,0.0
g20431,-1.36891835359811,0.0,0.0,0.0,0.0
g20427,-2.70052966261902,3.73432883930004,0.0,0.0,2.10055707546401
g20500,0.0,0.0,5.61834007537828,0.0,0.0
g20503,3.4620602768562,0.0,0.0,0.0,0.0
g20504,0.0,1.48023657565933,0.0,0.0,0.0
g20524,3.13099589954664,0.0,0.0,0.0,0.0
g20525,0.0,2.06826988995494,-1.27791703829433,0.0,0.0
g20652,0.0,1.6779651371747,-3.96127666508418,0.0,0.0
g20657,0.0,0.0,-3.12704510730653,0.0,0.0
g20658,-5.1031657968021,0.0,-6.09603919399674,0.0,0.0
g20659,-3.91751525312615,7.27722448547259,-5.85158821524352,0.0,0.0
g20660,-2.60851392513625,8.31490353963611,-8.0541268736362,0.0,0.0
g20696,0.785810584014604,-1.52173704715,1.77480370802354,0.0,0.0
g20697,-1.12032583464176,0.0,0.815774707441051,0.0,0.0
g20699,-3.85204886485374,0.0,2.42176515838706,0.0,0.0
g20695,0.0,-2.17575964133167,2.98223226846799,0.0,0.0
g20699,-3.85204886485374,0.0,2.42176515838706,0.0,0.0
g20700,-2.86564984389771,-2.66204004978508,4.08991914441368,0.0,0.0
g20701,-2.57574603508046,0.0,0.0,0.0,0.0
g20736,-3.42004670158966,1.26855431474259,1.61931665756836,0.0,0.0
g20769,1.59787590118062,-1.15922857264503,1.09201924929447,0.0,0.0
g20771,0.0,0.0,1.32424180399433,0.0,0.0
g20772,-1.99602394524201,0.0,0.912402839645586,0.0,1.40554226391692
g20767,-3.96832478838794,0.0,0.0,0.0,0.0
g20772,-1.99602394524201,0.0,0.912402839645586,0.0,1.40554226391692
g20773,0.0,0.0,0.79254888324467,0.0,0.0
g20774,-0.66100657532967,-0.70234680965649,1.65972753823597,0.0,0.0
g20777,-1.61724686707829,0.0,3.95283794430279,0.0,0.0
g20778,-9.54058915329004,0.0,2.64214419799188,0.0,0.0
g20779,-6.91210196336061,-2.7958586331987,1.35130488896096,0.0,0.0
g20776,0.56320087201078,0.0,0.833552882729316,0.0,0.679531309692917
g20806,-12.2322200175351,4.67975840856626,0.0,0.0,0.0
g20807,-7.01179663137952,-2.66467746539701,0.0,0.0,0.0
g20808,-6.46512622966195,0.0,0.0,0.0,0.0
g20809,-7.74961990710016,4.07406513754013,4.14495609905926,-1.95641259401926,1.23233365458482
g20810,-7.36032987559011,0.0,3.30566626711264,0.0,0.0
g20811,2.33996468428295,0.0,0.0,0.0,0.0
g20812,0.0,0.0,1.3891712171244,0.0,0.0
g20863,-6.14166097232253,0.0,4.91331495891214,0.0,0.0
g20864,-5.62487187599655,0.0,0.0,0.0,0.0
g20880,0.0,-0.81185597880774,1.90827961707209,0.0,0.0
g20881,0.0,0.713250965100181,-1.32837140795928,0.0,0.0
g20882,2.5338302725489,0.0,0.0,0.0,0.0
g20883,3.45297352756736,0.0,0.0,0.0,0.0
g20884,0.920048023205035,0.795467795283621,-1.14771552286192,0.0,0.0
g20885,0.0,0.0,-1.40383432096883,0.0,0.0
g20886,2.81027552695973,0.0,0.0,0.0,0.0
g20887,-3.39882726496783,3.39637450566586,-2.47150226936543,0.0,0.0
g20903,-0.677942264159077,0.0,0.0,0.0,0.0
g20904,0.0,2.12649142203118,-2.28631417913588,0.0,0.0
g20905,-1.28395126368539,0.0,0.0,0.0,0.0
g20909,-7.60480686105066,2.86975206721688,3.14729363546414,0.0,0.0
g20935,2.36020358495727,0.79090842800705,1.32680762992882,0.0,0.0
g20936,-3.48156166223895,3.03013642505403,0.0,0.0,0.0
g20937,1.97116074003963,-1.15311529526163,2.31302172534543,0.0,0.0
g20938,1.673579769884,1.31212428631096,0.0,0.0,0.996006822964407
g20939,0.0,3.94427884214872,-1.55292597117517,0.0,0.0
g20941,0.0,0.0,1.12677029548968,0.0,0.0
g20942,0.0,-2.52831395720752,1.99969218077638,0.0,0.0
g20940,0.0,2.3931988768178,-1.79750513569174,0.0,0.0
g21076,2.62710060472508,0.0,0.0,0.0,0.0
g21078,-4.43481060357168,0.0,2.7762282513794,0.0,0.0
g21079,0.0,3.73330237841192,-2.47179057655023,0.0,0.0
g21080,2.30262029867077,0.0,-1.52418435209007,0.0,0.0
g21103,0.0,0.0,-1.59024333074813,0.0,0.0
g21104,-1.83347809670946,3.8638481373607,-1.66217946805083,0.0,0.0
g21105,-1.71270199338056,0.0,-2.21013859426085,0.0,0.0
g21106,1.25783426248337,0.0,1.66897394941632,0.0,0.0
g21107,0.0,0.0,1.29191603946111,0.0,0.0
g21108,0.0,0.0,1.63901240456488,0.0,0.0
g21102,0.886952267742096,0.0,-1.56516748979203,0.0,0.0
g21379,-1.8797892178782,-2.8844860888426,0.0,0.0,0.0
g21381,-4.092839203578,0.0,0.0,1.83361963385671,0.0
g21382,-2.76563732419508,0.0,0.0,0.0,0.0
g21385,-2.69972312789564,2.9045879262048,1.5231376889087,0.0,0.0
g21386,2.61908636387337,0.0,0.0,0.0,0.0
g21387,-3.08254449042778,1.61570082216618,-0.843535306166154,0.0,0.0
g21419,2.19398386929373,-1.3038789369171,4.19917700099126,0.0,0.0
g21453,-9.71991856659507,0.0,6.45434775649864,0.0,0.0
g21454,-5.36308142751535,3.98467826717387,2.18070343514651,0.0,0.0
g21473,0.0,0.0,8.31605453360494,0.0,0.0
g21474,-5.41898551240741,6.82356886576096,0.0,0.0,0.0
g21491,1.74634756069211,-1.75724554225463,2.81264253486591,0.0,0.0
g21492,0.0,1.69914030936633,0.0,0.0,0.0
g21493,-1.23147982679537,-1.18110669106759,-0.877448441738146,1.44695386992956,-3.08759848653764
g21524,1.53294752957054,0.0,0.585651204709698,0.0,0.0
g21739,2.01687519510675,-1.71182065797133,2.00651585537471,0.0,0.0
g21738,-1.59377990545827,0.0,0.0,0.0,0.0
g21834,-0.936327322666114,0.0,-1.56584252840028,0.0,0.0
g21835,-2.61343227640856,2.26818830226133,-1.9227220795728,0.0,0.0
g21836,1.94487501066017,-1.81982243621522,1.73865408729173,0.0,0.0
g21837,-8.37159576688945,0.0,0.0,0.0,0.0
g21838,1.09443867806999,-0.924210556700719,0.0,0.0,0.0
g21871,0.961961395562788,0.0,-4.32676187983632,0.0,0.0
g21872,0.0,-2.10399808511947,2.148615536249,0.0,0.0
g21873,-0.817506653646572,0.0,0.634312845608181,0.0,0.0
g22635,-4.04155461419272,2.36688500985351,2.37537528536831,0.0,0.0
g22636,3.41808183025148,0.955774231392711,0.0,0.0,0.0
g22640,-1.61434020154825,0.0,1.48936899280339,0.0,0.0
g22639,0.0,0.0,2.55005525775614,0.0,0.0
g22807,0.0,6.06986583820517,-3.8827680213965,0.0,0.0
g23130,-4.28262560137457,0.0,6.09277918884574,0.0,0.0
g23131,1.65910319835857,0.0,0.0,0.0,0.0
g23132,0.0,-1.63477337267282,1.68496590074279,0.0,0.0
g23133,0.0,0.0,2.06051993657013,0.0,0.0
g23559,-3.51858194736007,0.0,0.0,4.05717946010955,0.0
g23612,-3.32737286446691,0.0,0.0,0.0,0.0
g23649,0.0,0.0,6.56297068811923,0.0,0.0
g23650,0.0,0.0,2.78256777227716,0.0,0.0
g23651,0.0,-1.79671725838134,1.33729313410077,0.0,0.0
g23652,0.0,-1.37258107434058,1.39985588531614,0.0,0.0
g23654,0.0,-1.83965441978827,2.15478259341587,0.0,0.0
g23655,4.6423065095448,-1.46738099941819,-1.3346273553545,0.0,0.0
g23656,0.0,-1.12953164439997,1.2496497919093,0.0,0.0
g23653,1.25420333135357,0.0,0.0,0.0,0.0
g23684,0.0,-0.652928655084329,0.591573098098047,0.0,0.0
g23685,0.901006213449805,-1.50626068974079,0.606988796952512,0.0,0.0
g23686,0.0,-0.735714201129436,1.13407164576441,0.0,0.0
g23688,2.3934139946857,-1.40862106976246,1.37750885934126,0.0,-1.1414184948729
g23689,-1.16281244748721,0.0,1.63785534023622,0.0,-1.22739179803821
g23690,7.36774482648403,-1.50136091711116,0.0,0.0,-3.2660326876225
g23706,3.68220341796906,0.832509005284733,-0.720088551698709,0.0,0.0
g23707,0.835233165940271,0.0,2.24815035696364,0.0,0.0
g23708,2.50926166622583,0.0,1.44938337055475,0.0,0.0
g23710,-0.889271500023022,0.0,0.0,0.0,0.0
g23711,2.3309163890418,0.0,2.25724736562351,0.0,0.0
g23790,0.0,0.0,2.8990411054301,0.0,0.0
g23791,1.1137658085084,-1.44387623356587,1.75596523476515,0.0,-0.79926447821313
g23792,1.31679537297314,0.0,0.0,0.0,0.0
g23794,-6.49068798331867,4.71559590719203,-1.12576346519786,0.0,2.73540040779433
g23795,0.803045616655415,0.0,0.0,0.0,0.0
g23796,0.0,0.0,4.1084419365098,0.0,0.0
g23797,-1.45073730959489,1.93075062979102,2.54879329775874,0.0,0.771553359721494
g23793,1.02108164989707,0.0,0.680002125171413,0.0,0.0
g23827,1.90535931932543,-1.34739587467621,1.26593005340638,0.0,0.0
g23828,-3.13609693784256,1.79836686116809,-1.24932139512362,0.0,0.0
g23829,0.0,0.0,3.42760874690899,0.0,0.0
g23830,-4.35182376050011,0.0,1.60361017220982,0.0,0.0
g23831,-4.55266488883331,0.0,0.0,0.0,0.0
g23834,-0.99706297020514,0.0,1.37002997133574,0.0,0.0
g23852,0.0,0.0,4.18543713674475,0.0,0.0
g23853,-1.29952268695273,1.61089403285108,2.48610469008817,0.0,0.0
g23854,-1.71977839179451,2.06621979612989,4.78366011052589,0.0,0.0
g23855,-1.26506653734943,1.73576422713482,-4.49087988664174,0.0,0.0
g23856,0.0,-1.63523305365943,1.2625241533125,0.0,-0.885053289940794
g23857,-1.89827120623008,0.0,2.76301183575372,0.0,0.0
g23858,-2.50574023755305,1.80380076550297,0.0,0.0,1.46928670032655
g23862,0.0,0.0,8.7975926370518,0.0,0.0
g24040,-4.54439287087441,3.98601095000508,0.0,0.0,0.0
g24041,-6.45704512752499,0.0,2.96740431648597,0.0,0.0
g24042,0.0,7.86081907002608,0.0,0.0,0.0
g24043,0.0,4.66989125908748,2.59781970160966,0.0,0.0
g24044,0.0,4.4257259146046,1.74505645464245,0.0,-0.845205453538715
g24515,1.50379671725236,-1.19515515195701,0.0,0.0,0.0
g24516,-3.35589439442735,0.0,0.0,0.0,0.0
g24517,1.69355100242841,0.0,0.0,0.0,0.0
g24571,1.990859882597,-1.16536520184523,0.0,0.0,0.0
g24573,1.26873810564359,0.0,0.0,0.0,0.0
g24575,0.0,1.80022156594435,-2.4455921846252,0.0,0.0
g24577,-3.87204725097104,0.0,-1.29026213066171,1.6553633325728,0.0
g24578,1.41596214668572,0.0,-3.11956300890789,0.0,0.0
g24579,1.48183512974311,-1.64621228649085,-1.36617712981453,1.1175124854511,0.0
g24580,0.0,0.0,0.0,0.0,3.98224842027222
g24572,-3.42246377981182,0.0,0.0,0.0,0.0
g24690,-3.76475296914668,0.0,0.0,0.0,0.0
g24739,0.0,-4.4886606424481,9.41788093835947,0.0,0.0
g24740,-3.53576262116914,0.0,-4.83777325980998,0.0,0.0
g24801,3.76596805968843,-3.36895761282596,-1.45519257352947,2.51302424832586,0.0
g25134,-4.39403003396908,4.7594341058773,0.0,0.0,0.0
g25136,-5.26177884101778,6.96364242247644,0.0,0.0,0.0
g25137,0.0,0.0,4.53672777906639,0.0,0.0
g25138,-3.33695820896853,0.0,2.07799293599112,2.55876252596844,0.0
g25140,1.38930985215005,0.0,0.936418823040477,0.0,0.0
g25182,5.78092054924031,0.0,0.0,0.0,-3.74125201981793
g25183,2.18936848543982,0.0,2.46972097947503,0.0,-3.73780077513352
g25179,0.0,0.0,11.3325282194895,0.0,0.0
g25197,1.20103868988001,-1.43868794388818,-10.3292876236236,0.0,0.0
g25198,-1.52323711961713,0.0,-5.59996479342568,0.0,0.0
g25199,-5.49265233516845,6.5861144584026,0.0,0.0,0.0
g25200,-4.99813970505603,5.70932173208796,0.0,0.0,0.0
g25201,0.0,0.0,4.04072634135548,0.0,0.0
g25202,0.0,0.0,5.1977573281317,2.96110476871496,-2.24131143244289
g25333,1.89199936614445,0.0,2.19158661463635,0.0,0.0
g25352,4.0079515005897,-1.36595610168228,3.08070204257144,0.0,0.0
g25355,2.08318693180758,0.920974171890767,0.0,0.0,0.0
g25414,0.0,1.64448640587638,-1.4236694684571,0.0,-0.976995450851545
g25415,0.980458889486014,-1.67913050550203,1.65694514704173,0.0,0.0
g25417,-5.3568439061819,0.0,4.97476487213242,0.0,0.0
g25418,0.0,0.0,-1.85677828781781,0.0,0.0
g25419,-2.67143888046216,0.0,0.0,0.0,2.36632909804387
g25465,-2.14123353730426,0.0,-1.83097008105556,0.0,0.0
g25466,-1.4979131134363,0.0,1.57119281025845,0.0,0.0
g25467,0.0,0.0,1.37494314023415,0.0,0.0
g25468,2.62316946929659,0.0,0.0,0.0,0.0
g25490,0.0,0.0,5.64555218776608,0.0,-1.89155073271743
g25492,-6.51652769695804,3.25595588478843,-5.86351620609724,0.0,0.0
g25493,0.0,5.63653415548928,-8.5013948561884,0.0,0.0
g25494,-2.64314959704642,1.04586242828283,-0.567909180025711,0.0,0.0
g25495,4.53636938428685,-1.12421761614905,0.0,0.0,-0.924308777942327
g25496,2.90789487025205,-2.63217208486769,3.77062665014017,0.0,0.0
g25510,1.86584921980474,1.14404339361863,-2.4815678118803,0.0,0.0
g25511,0.0,0.0,-1.77506150191984,0.0,0.0
g25512,-3.79632872066931,3.80504419238593,0.0,0.0,0.0
g25514,0.0,0.0,2.02430566415635,0.0,0.0
g25513,0.0,-1.94923317158072,1.21463890927876,0.0,0.0
g25568,1.6901331155564,0.0,1.62898215295808,0.0,0.0
g25570,-1.04705395770665,0.0,0.0,0.0,0.0
g25571,-2.30094458331697,4.50714203480611,0.0,0.0,1.27521608077204
g25599,-1.49715632550933,0.621347524959039,0.0,0.0,0.933027839230674
g25600,2.19501348115981,1.4469319035802,-2.20269488087736,0.0,0.0
g25601,-2.50846648378084,2.79330742109139,0.0,0.0,0.0
g25602,0.0,0.0,-1.58202106512005,0.0,0.0
g25597,-5.2517743450853,0.0,3.52410005776665,0.0,0.0
g25676,2.80848710408578,-1.81260036047574,2.90870812121647,0.0,0.0
g25677,-5.27661064692884,5.98705593785589,-3.72949254934852,0.0,7.83958580731447
g25678,-1.36676682347002,-0.955993823166755,-1.1156636154623,0.0,0.0
g25679,0.0,0.0,-0.791576357132114,0.0,0.0
g25690,0.0,1.86251608563419,-1.80544684564792,0.0,2.19025921798197
g25691,4.18053450191202,-2.72868277638034,-2.5301519943375,0.0,0.0
g25692,1.25816555846705,-1.02782230548155,0.0,0.0,0.0
g25693,0.824948669635458,-1.0850743314006,0.0,0.0,0.0
g25695,0.0,0.0,6.37846567447844,0.0,0.0
g25707,0.0,-1.63764853580283,0.0,0.0,0.0
g25721,0.0,-1.16485904054746,1.14147606940761,-0.838952458966901,-0.973415600871315
g25722,0.0,-0.999294266308574,0.0,0.0,0.0
g25723,-7.99572393950363,0.0,5.53191469748601,0.0,0.0
g25750,-0.883422267533859,-0.942102436358943,0.729572941085279,-0.795143901384271,0.0
g25751,0.565898059156772,1.26681337495747,-0.955352695484397,0.0,0.0
g25752,0.0,-1.73097232850713,0.0,0.0,0.0
g25790,0.0,-2.05248156320044,1.69092064258365,0.0,0.0
g25937,-1.38792260781321,0.0,0.0,0.0,0.0
g25938,-3.46384908791491,1.82242388424832,-1.77182628474376,0.0,0.0
g25939,-1.32844226491872,1.70643596124554,0.0,0.0,0.0
g25961,-5.47885609272596,0.0,2.18965489885533,0.0,0.0
g25962,0.0,2.90728217436211,0.0,0.0,1.42929514297826
g25963,-6.8171711085509,6.89285403358929,0.0,0.0,0.0
g25964,0.0,0.0,-0.979645786870806,0.0,0.0
g26234,0.0,1.57525185695612,1.81444184021732,0.0,0.0
g26236,-3.87555848988508,1.61284659385429,0.0,0.0,0.0
g26255,0.0,0.0,11.7882818881408,0.0,0.0
g26263,0.0,3.94631798849015,-4.69887145791004,0.0,0.0
g26264,0.0,1.82984998119215,0.0,0.0,0.0
g26262,0.932570311882298,0.0,0.0,0.0,0.0
g26266,-4.2342770584673,0.0,0.0,0.0,0.0
g26267,0.0,1.01692440149546,-1.64244289277708,1.58632944865029,-1.16754450540236
g26277,0.0,-0.792165773268226,0.0,0.0,0.0
g26276,0.0,1.16394799910048,-1.03215690459508,1.05002573210261,-0.875310977523375
g26635,-3.60281807227834,2.3809159203844,0.0,0.0,0.0
g26689,-1.84661360081761,2.12680797636837,0.0,0.0,0.0
g26721,-1.40068882864146,0.0,0.0,0.0,0.0
g26722,-1.65922668701587,0.0,0.0,0.0,0.0
g26723,-2.26478460092929,0.0,1.54680329924559,0.0,0.0
g26747,-11.0644437358844,5.5290160747259,-4.18851307672561,3.01853948840092,0.0
g26749,1.47885163236462,-2.22450010415617,1.64468811657623,0.0,-2.57285095373865
g26750,-3.03807358605583,2.56072392887095,0.0,-2.71940430635762,0.0
g26751,0.0,0.0,-1.76620988547696,0.0,0.0
g26752,0.0,0.0,-1.16474379000106,0.0,0.0
g26748,-6.1700939307646,0.0,3.57648709623464,0.0,-6.44008899739753
g26940,-2.42205489785486,0.0,0.0,0.0,1.13673804656943
g26941,0.0,0.0,4.04568366419624,-6.68901914571637,0.0
g26942,4.86918216171048,0.0,0.0,0.0,0.0
g26994,0.0,0.0,8.15241436252514,-4.54800647984419,0.0
g26995,0.0,0.0,6.06071874729308,-4.67350021544796,0.0
g26996,0.0,0.0,6.68017017263353,-5.71770287660517,0.0
g26997,0.0,-3.14045859852391,1.29837471473807,0.0,0.0
g26998,-2.85036959850315,0.0,0.0,0.0,0.0
g26999,-1.51158617675262,0.0,2.02826631022265,0.0,0.0
g27000,-3.34504037377012,1.45923342828863,-2.71905122266474,0.0,0.0
g27038,1.05305011100706,-0.790983769208033,0.0,0.0,0.0
g27039,2.13088049690949,0.0,-1.8268388656971,0.0,0.753419560278215
g27055,0.0,0.0,5.9172953703409,0.0,0.0
g27119,-1.06110561845923,0.0,0.0,0.0,0.0
g27120,0.0,-1.15603634616003,0.712497909908773,0.0,0.0
g27122,2.29941163714336,-3.29472876979193,3.18948980473034,0.0,0.0
g27124,2.9697641785028,-2.95749891804852,-1.84572424058404,2.97658774639862,-2.41790550554455
g27127,-3.97543907728977,3.25758009003463,0.0,0.0,2.38923855905049
g27128,1.11235906580969,0.0,-1.65930709265648,0.0,0.0
g27126,0.0,0.0,-1.45850950780358,0.0,0.0
g27181,0.0,-0.89455487887689,1.75031436202032,0.0,0.0
g27182,4.44545544429173,-3.31648572039717,1.99827384288612,0.0,0.0
g27183,2.24974563532459,-2.87813780357693,-2.37382083572267,2.76786339440119,-3.12495096562133
g27184,0.0,0.0,0.0,1.95310683276272,0.0
g27185,0.0,0.0,-0.965879944560311,0.0,0.0
g27186,-5.58735472589935,3.47406342726715,0.0,0.0,2.09532992264068
g27187,1.27910058670679,0.0,0.0,0.0,0.0
g27254,1.2501496745978,0.0,-3.58249928251995,0.0,0.0
g27256,-6.58016921624306,0.0,-2.00365205263402,0.0,0.0
g27295,0.0,0.0,0.737144601350534,0.0,0.0
g27296,3.34864921296326,0.72437350563117,-1.45755206030422,0.0,0.0
g27451,-2.63660166360829,2.87383183179575,0.0,0.0,0.0
g27458,-1.10088722090595,0.0,0.0,0.0,0.0
g27472,-1.84222967294631,0.0,3.38597511796062,0.0,0.0
g27473,0.0,0.0,6.12352876923799,0.0,0.0
g27492,-2.01658195741868,0.0,0.0,0.0,0.0
g27493,-2.96799193345163,0.0,0.0,0.0,0.0
g27518,3.82487532977455,0.0,1.44698451089334,0.0,0.0
g27612,-4.09431914403219,0.0,0.0,0.0,2.80025672539693
g28238,0.0,0.0,4.65587179957445,0.0,0.0
g28239,5.12688855868483,-1.68296794042922,-1.45730804118494,0.0,-2.65064387112995
g28240,-8.20834931529582,2.48172844685711,-4.13875681118997,0.0,0.0
g28283,2.00907022633694,0.0,0.0,0.0,0.0
g28284,0.0,0.0,-2.13780479437374,0.0,0.0
g28285,0.0,0.0,5.34225093959826,0.0,0.0
g28508,1.14640018060651,-0.663789230419451,0.0,0.0,0.0
g28509,-3.85847316294948,0.0,3.16888634522933,0.0,0.0
g28569,-4.41913347985242,1.06089148460786,-0.87637552641915,0.0,0.0
g28570,-2.41647960630006,1.810690002447,-2.51572529549604,0.0,0.0
g28571,-6.71460265588276,1.73941019675707,-1.39450753809613,0.0,0.0
g28572,0.0,0.0,12.7483651761392,0.0,0.0
g28595,-4.21111996517959,1.53411339124908,0.0,0.0,0.0
g28596,1.85434621579358,0.0,0.0,0.0,0.0
g28631,0.0,-5.72609076268373,9.30024502440231,0.0,0.0
g28632,1.16759380333751,-1.5571027463651,1.82085723312895,0.0,0.0
g28633,1.41269707031855,-2.42698429408198,0.0,0.0,-1.27688243349358
g28635,0.0,0.0,2.54836694552934,0.0,0.0
g28686,0.0,0.0,1.74202434292688,0.0,0.0
g28687,0.0,0.0,2.22104516206134,0.0,2.12999878244207
g28685,0.0,0.0,2.16001051324923,0.0,0.0
g28719,0.0,0.0,-5.43384967632178,0.0,0.0
g28720,-4.11437021743892,0.0,0.0,0.0,0.0
g28721,-3.45339629837897,0.0,0.0,0.0,0.0
g28722,0.0,0.0,-0.82166881038386,0.0,0.0
g28723,-9.93805746103776,6.31056324092638,-2.09132951733442,0.0,0.0
g28724,3.78856340621893,0.0,-4.18030944703418,0.0,0.0
g28726,-2.07158385944567,0.0,-1.29673321200664,0.0,0.0
g28727,0.928132874693286,0.0,0.0,0.0,0.0
g28739,-3.57531673023705,3.61072293235308,0.0,0.0,0.0
g28740,-4.28672131326557,0.0,6.17424370671892,0.0,0.0
g28741,-4.06182658005233,0.0,2.80990025942531,0.0,0.0
g28742,-2.12053943448974,0.0,2.70487502729976,0.0,0.0
g28743,0.0,0.0,0.794290791083352,0.0,0.0
g28744,-10.1769772355282,4.40800395169282,0.0,0.0,2.21909223002818
g28745,4.54760810163441,0.0,-7.04939880868534,0.0,0.0
g28749,0.824174265959246,0.0,1.44961354152212,0.0,0.0
g28750,0.884782132229748,-1.78351813644664,1.40113434214275,0.0,-1.1058652829545
g28751,0.0,-3.0892042455238,1.46676610756998,0.0,0.0
g28752,-1.59488812825628,0.0,0.769139071635359,0.0,0.0
g28748,-2.5009527418577,0.0,0.984625257298813,0.0,0.0
g29255,-2.12161546205728,2.84668476162073,0.0,0.0,0.0
g29310,-5.82156975048798,6.79938329166588,0.0,0.0,0.0
g29336,0.0,0.0,4.718514462285,0.0,0.0
g29337,-6.0116305101036,4.4534967656836,3.63024956264755,0.0,1.31887620726281
g29348,0.0,0.0,2.92918174317208,0.0,0.0
g29439,-3.84886200271028,1.76895896543031,1.91096082311199,0.0,0.0
g29468,-1.7615341844773,0.0,1.36350638153686,0.0,0.0
g29470,-1.14703613680364,0.0,0.0,0.0,0.0
g29507,-2.3866594901185,0.0,0.0,0.0,0.0
g29508,0.0,0.0,-1.21991172411505,0.0,0.0
g29537,2.09892762135622,0.0,0.0,0.0,0.0
g29626,-3.65498049842446,0.0,-6.5099161626543,0.0,0.0
