HiC_scaffold_1	115000	125000	-5	0.220468223544
HiC_scaffold_1	125000	135000	-4	0.252232347639
HiC_scaffold_1	135000	145000	-3	0.290108272374
HiC_scaffold_1	145000	155000	-2	0.055591871055
HiC_scaffold_1	155000	165000	-1	-0.004919786893
HiC_scaffold_1	165000	175000	0	-0.142963272476
HiC_scaffold_1	175000	185000	1	-0.104067242382
HiC_scaffold_1	185000	195000	2	-0.060947922800
HiC_scaffold_1	195000	205000	3	-0.008418382739
HiC_scaffold_1	205000	215000	4	-0.026004006935
HiC_scaffold_1	215000	225000	5	-0.034744752156
HiC_scaffold_1	245000	255000	-5	-0.017732363516
HiC_scaffold_1	255000	265000	-4	0.199060024181
HiC_scaffold_1	265000	275000	-3	0.206518854488
HiC_scaffold_1	275000	285000	-2	0.153455794973
HiC_scaffold_1	285000	295000	-1	-0.346493873998
HiC_scaffold_1	295000	305000	0	-0.417228682792
HiC_scaffold_1	305000	315000	1	-0.375860288193
HiC_scaffold_1	315000	325000	2	-0.233572479785
HiC_scaffold_1	325000	335000	3	-0.078276099967
HiC_scaffold_1	335000	345000	4	-0.033233058947
HiC_scaffold_1	345000	355000	5	0.087581739930
HiC_scaffold_1	455000	465000	-5	0.162500113215
HiC_scaffold_1	465000	475000	-4	0.086026595597
HiC_scaffold_1	475000	485000	-3	0.030891655016
HiC_scaffold_1	485000	495000	-2	-0.058419414451
HiC_scaffold_1	495000	505000	-1	-0.195112291720
HiC_scaffold_1	505000	515000	0	-0.288695410843
HiC_scaffold_1	515000	525000	1	-0.267969834000
HiC_scaffold_1	525000	535000	2	-0.019837867156
HiC_scaffold_1	535000	545000	3	0.348192924026
HiC_scaffold_1	545000	555000	4	0.464289216559
HiC_scaffold_1	555000	565000	5	0.410438062522
HiC_scaffold_1	585000	595000	-5	0.590120783423
HiC_scaffold_1	595000	605000	-4	0.375001167672
HiC_scaffold_1	605000	615000	-3	0.251711598810
HiC_scaffold_1	615000	625000	-2	0.256163854059
HiC_scaffold_1	625000	635000	-1	0.056364563850
HiC_scaffold_1	635000	645000	0	-0.095834610383
HiC_scaffold_1	645000	655000	1	0.037655616677
HiC_scaffold_1	655000	665000	2	0.181232244090
HiC_scaffold_1	665000	675000	3	0.089821778678
HiC_scaffold_1	675000	685000	4	-0.094273913380
HiC_scaffold_1	685000	695000	5	-0.211713983091
HiC_scaffold_1	875000	885000	-5	0.216570505780
HiC_scaffold_1	885000	895000	-4	0.412156506272
HiC_scaffold_1	895000	905000	-3	0.570142042907
HiC_scaffold_1	905000	915000	-2	0.425245213128
HiC_scaffold_1	915000	925000	-1	0.118292173935
HiC_scaffold_1	925000	935000	0	-0.069876511923
HiC_scaffold_1	935000	945000	1	-0.046981948558
HiC_scaffold_1	945000	955000	2	0.002168942781
HiC_scaffold_1	955000	965000	3	0.114117946134
HiC_scaffold_1	965000	975000	4	0.162828083966
HiC_scaffold_1	975000	985000	5	0.198135556674
HiC_scaffold_1	1605000	1615000	-5	0.194726640793
HiC_scaffold_1	1615000	1625000	-4	0.139304387066
HiC_scaffold_1	1625000	1635000	-3	0.044661585801
HiC_scaffold_1	1635000	1645000	-2	-0.217626431235
HiC_scaffold_1	1645000	1655000	-1	-0.385726280827
HiC_scaffold_1	1655000	1665000	0	-0.465670942131
HiC_scaffold_1	1665000	1675000	1	-0.265244865231
HiC_scaffold_1	1675000	1685000	2	-0.120232867684
HiC_scaffold_1	1685000	1695000	3	0.136618616044
HiC_scaffold_1	1695000	1705000	4	0.232111868733
HiC_scaffold_1	1705000	1715000	5	0.364638405009
HiC_scaffold_1	1775000	1785000	-5	0.250007220441
HiC_scaffold_1	1785000	1795000	-4	0.292356667704
HiC_scaffold_1	1795000	1805000	-3	0.152757927325
HiC_scaffold_1	1805000	1815000	-2	-0.043857315339
HiC_scaffold_1	1815000	1825000	-1	-0.287068073763
HiC_scaffold_1	1825000	1835000	0	-0.380767301841
HiC_scaffold_1	1835000	1845000	1	-0.166728820828
HiC_scaffold_1	1845000	1855000	2	0.104794770040
HiC_scaffold_1	1855000	1865000	3	0.293242368435
HiC_scaffold_1	1865000	1875000	4	0.558215113918
HiC_scaffold_1	1875000	1885000	5	0.666563969972
HiC_scaffold_1	2125000	2135000	-5	0.270187678749
HiC_scaffold_1	2135000	2145000	-4	0.255629731405
HiC_scaffold_1	2145000	2155000	-3	0.216888095618
HiC_scaffold_1	2155000	2165000	-2	0.119378002691
HiC_scaffold_1	2165000	2175000	-1	-0.001843044055
HiC_scaffold_1	2175000	2185000	0	-0.173701140177
HiC_scaffold_1	2185000	2195000	1	-0.123367970121
HiC_scaffold_1	2195000	2205000	2	-0.049460187277
HiC_scaffold_1	2205000	2215000	3	-0.047743871631
HiC_scaffold_1	2215000	2225000	4	0.028233545723
HiC_scaffold_1	2225000	2235000	5	0.053318604796
HiC_scaffold_1	2295000	2305000	-5	-0.091818239284
HiC_scaffold_1	2305000	2315000	-4	-0.134102951337
HiC_scaffold_1	2315000	2325000	-3	-0.155555437100
HiC_scaffold_1	2325000	2335000	-2	-0.281839447815
HiC_scaffold_1	2335000	2345000	-1	-0.460908027462
HiC_scaffold_1	2345000	2355000	0	-0.605563781932
HiC_scaffold_1	2355000	2365000	1	0.546821102557
HiC_scaffold_1	2365000	2375000	2	0.675392554746
HiC_scaffold_1	2375000	2385000	3	0.840561669149
HiC_scaffold_1	2385000	2395000	4	-0.236903007252
HiC_scaffold_1	2395000	2405000	5	-0.113735164973
HiC_scaffold_1	2655000	2665000	-5	0.553317380769
HiC_scaffold_1	2665000	2675000	-4	0.534779997691
HiC_scaffold_1	2675000	2685000	-3	0.379531649123
HiC_scaffold_1	2685000	2695000	-2	0.300260999405
HiC_scaffold_1	2695000	2705000	-1	0.158981916723
HiC_scaffold_1	2705000	2715000	0	-0.030988959824
HiC_scaffold_1	2715000	2725000	1	0.011594373795
HiC_scaffold_1	2725000	2735000	2	0.139088473437
HiC_scaffold_1	2735000	2745000	3	0.168037594879
HiC_scaffold_1	2745000	2755000	4	0.247330290153
HiC_scaffold_1	2755000	2765000	5	0.221542102145
HiC_scaffold_1	2775000	2785000	-5	-0.011484355019
HiC_scaffold_1	2785000	2795000	-4	-0.298117441471
HiC_scaffold_1	2795000	2805000	-3	0.820687206668
HiC_scaffold_1	2805000	2815000	-2	0.778514954169
HiC_scaffold_1	2815000	2825000	-1	0.743337628684
HiC_scaffold_1	2825000	2835000	0	-0.381041094958
HiC_scaffold_1	2835000	2845000	1	-0.173304330036
HiC_scaffold_1	2845000	2855000	2	-0.053335726930
HiC_scaffold_1	2855000	2865000	3	0.009396471717
HiC_scaffold_1	2865000	2875000	4	-0.066964450445
HiC_scaffold_1	2875000	2885000	5	-0.214764006528
HiC_scaffold_1	3595000	3605000	-5	0.139417408778
HiC_scaffold_1	3605000	3615000	-4	0.248500396786
HiC_scaffold_1	3615000	3625000	-3	0.189489520035
HiC_scaffold_1	3625000	3635000	-2	0.011931708850
HiC_scaffold_1	3635000	3645000	-1	-0.150628154497
HiC_scaffold_1	3645000	3655000	0	-0.325010582433
HiC_scaffold_1	3655000	3665000	1	-0.289376183938
HiC_scaffold_1	3665000	3675000	2	0.395277425320
HiC_scaffold_1	3675000	3685000	3	0.770722111064
HiC_scaffold_1	3685000	3695000	4	0.770722111064
HiC_scaffold_1	3695000	3705000	5	0.381551988512
HiC_scaffold_1	4085000	4095000	-5	-0.444217918751
HiC_scaffold_1	4095000	4105000	-4	-0.330782002794
HiC_scaffold_1	4105000	4115000	-3	-0.277425504227
HiC_scaffold_1	4115000	4125000	-2	-0.292268061482
HiC_scaffold_1	4125000	4135000	-1	-0.470763273308
HiC_scaffold_1	4135000	4145000	0	-0.550680273083
HiC_scaffold_1	4145000	4155000	1	-0.499198528241
HiC_scaffold_1	4155000	4165000	2	-0.356232816406
HiC_scaffold_1	4165000	4175000	3	-0.250680273936
HiC_scaffold_1	4175000	4185000	4	-0.249654368060
HiC_scaffold_1	4185000	4195000	5	-0.336340931128
HiC_scaffold_1	4565000	4575000	-5	-0.492422866419
HiC_scaffold_1	4575000	4585000	-4	-0.347203459697
HiC_scaffold_1	4585000	4595000	-3	-0.188520150836
HiC_scaffold_1	4595000	4605000	-2	-0.140851296984
HiC_scaffold_1	4605000	4615000	-1	-0.268960870716
HiC_scaffold_1	4615000	4625000	0	-0.348020548708
HiC_scaffold_1	4625000	4635000	1	-0.185019774219
HiC_scaffold_1	4635000	4645000	2	-0.150685152836
HiC_scaffold_1	4645000	4655000	3	-0.016317873656
HiC_scaffold_1	4655000	4665000	4	-0.007098850589
HiC_scaffold_1	4665000	4675000	5	-0.094720453774
HiC_scaffold_1	4795000	4805000	-5	0.120442598128
HiC_scaffold_1	4805000	4815000	-4	0.124471055059
HiC_scaffold_1	4815000	4825000	-3	0.076186069783
HiC_scaffold_1	4825000	4835000	-2	-0.040918457021
HiC_scaffold_1	4835000	4845000	-1	-0.209337274188
HiC_scaffold_1	4845000	4855000	0	-0.258411042880
HiC_scaffold_1	4855000	4865000	1	-0.158660259881
HiC_scaffold_1	4865000	4875000	2	-0.062961709977
HiC_scaffold_1	4875000	4885000	3	-0.081274105680
HiC_scaffold_1	4885000	4895000	4	-0.079466364862
HiC_scaffold_1	4895000	4905000	5	-0.067403089195
HiC_scaffold_1	4925000	4935000	-5	-0.007252121941
HiC_scaffold_1	4935000	4945000	-4	0.136197883621
HiC_scaffold_1	4945000	4955000	-3	0.251064148032
HiC_scaffold_1	4955000	4965000	-2	0.220734319826
HiC_scaffold_1	4965000	4975000	-1	0.066712246811
HiC_scaffold_1	4975000	4985000	0	-0.134531706627
HiC_scaffold_1	4985000	4995000	1	-0.114609881243
HiC_scaffold_1	4995000	5005000	2	0.005962988135
HiC_scaffold_1	5005000	5015000	3	0.083461641782
HiC_scaffold_1	5015000	5025000	4	0.075066418462
HiC_scaffold_1	5025000	5035000	5	-0.018334240475
HiC_scaffold_1	6055000	6065000	-5	0.175344631085
HiC_scaffold_1	6065000	6075000	-4	0.203160002408
HiC_scaffold_1	6075000	6085000	-3	0.316457886519
HiC_scaffold_1	6085000	6095000	-2	0.173583908929
HiC_scaffold_1	6095000	6105000	-1	-0.166208652720
HiC_scaffold_1	6105000	6115000	0	-0.424807244932
HiC_scaffold_1	6115000	6125000	1	-0.300923236207
HiC_scaffold_1	6125000	6135000	2	-0.026742379243
HiC_scaffold_1	6135000	6145000	3	-0.059553262263
HiC_scaffold_1	6145000	6155000	4	-0.099343899811
HiC_scaffold_1	6155000	6165000	5	-0.298747675112
HiC_scaffold_1	6345000	6355000	-5	0.118798749782
HiC_scaffold_1	6355000	6365000	-4	0.264732047805
HiC_scaffold_1	6365000	6375000	-3	0.276143788069
HiC_scaffold_1	6375000	6385000	-2	0.157024532572
HiC_scaffold_1	6385000	6395000	-1	-0.107527195129
HiC_scaffold_1	6395000	6405000	0	-0.367098955254
HiC_scaffold_1	6405000	6415000	1	-0.326875715065
HiC_scaffold_1	6415000	6425000	2	-0.285721814620
HiC_scaffold_1	6425000	6435000	3	-0.146472823654
HiC_scaffold_1	6435000	6445000	4	0.000294846967
HiC_scaffold_1	6445000	6455000	5	0.021479092899
HiC_scaffold_1	7515000	7525000	-5	0.373153823527
HiC_scaffold_1	7525000	7535000	-4	0.389160889919
HiC_scaffold_1	7535000	7545000	-3	0.154186663161
HiC_scaffold_1	7545000	7555000	-2	0.002769166203
HiC_scaffold_1	7555000	7565000	-1	-0.110821391449
HiC_scaffold_1	7565000	7575000	0	-0.202673545206
HiC_scaffold_1	7575000	7585000	1	-0.152200756092
HiC_scaffold_1	7585000	7595000	2	-0.014385231589
HiC_scaffold_1	7595000	7605000	3	0.152896333378
HiC_scaffold_1	7605000	7615000	4	0.151260531855
HiC_scaffold_1	7615000	7625000	5	0.044387524561
HiC_scaffold_1	7815000	7825000	-5	0.610973231474
HiC_scaffold_1	7825000	7835000	-4	0.590480231235
HiC_scaffold_1	7835000	7845000	-3	0.367886794376
HiC_scaffold_1	7845000	7855000	-2	0.507736340668
HiC_scaffold_1	7855000	7865000	-1	0.127361362779
HiC_scaffold_1	7865000	7875000	0	-0.087191776515
HiC_scaffold_1	7875000	7885000	1	-0.001321651719
HiC_scaffold_1	7885000	7895000	2	0.048462632342
HiC_scaffold_1	7895000	7905000	3	0.251102478956
HiC_scaffold_1	7905000	7915000	4	0.291230976531
HiC_scaffold_1	7915000	7925000	5	0.213633679015
HiC_scaffold_1	8605000	8615000	-5	-0.362027929353
HiC_scaffold_1	8615000	8625000	-4	-0.086736156768
HiC_scaffold_1	8625000	8635000	-3	-0.243583418071
HiC_scaffold_1	8635000	8645000	-2	-0.449234195451
HiC_scaffold_1	8645000	8655000	-1	-0.482367958339
HiC_scaffold_1	8655000	8665000	0	-0.628104195175
HiC_scaffold_1	8665000	8675000	1	-0.343056751200
HiC_scaffold_1	8675000	8685000	2	-0.120675723991
HiC_scaffold_1	8685000	8695000	3	0.148386797861
HiC_scaffold_1	8695000	8705000	4	0.286779221627
HiC_scaffold_1	8705000	8715000	5	0.427376364109
HiC_scaffold_1	8855000	8865000	-5	0.104788238420
HiC_scaffold_1	8865000	8875000	-4	0.064855431172
HiC_scaffold_1	8875000	8885000	-3	-0.030070862787
HiC_scaffold_1	8885000	8895000	-2	-0.164552752381
HiC_scaffold_1	8895000	8905000	-1	-0.258585840921
HiC_scaffold_1	8905000	8915000	0	-0.302580409708
HiC_scaffold_1	8915000	8925000	1	-0.124536288396
HiC_scaffold_1	8925000	8935000	2	0.144288231110
HiC_scaffold_1	8935000	8945000	3	0.284603105972
HiC_scaffold_1	8945000	8955000	4	0.185374250820
HiC_scaffold_1	8955000	8965000	5	0.006389223487
HiC_scaffold_1	8915000	8925000	-5	-0.124536288396
HiC_scaffold_1	8925000	8935000	-4	0.144288231110
HiC_scaffold_1	8935000	8945000	-3	0.284603105972
HiC_scaffold_1	8945000	8955000	-2	0.185374250820
HiC_scaffold_1	8955000	8965000	-1	0.006389223487
HiC_scaffold_1	8965000	8975000	0	-0.181702922304
HiC_scaffold_1	8975000	8985000	1	0.071230976587
HiC_scaffold_1	8985000	8995000	2	0.287767634740
HiC_scaffold_1	8995000	9005000	3	0.338490323014
HiC_scaffold_1	9005000	9015000	4	0.487826197844
HiC_scaffold_1	9015000	9025000	5	0.605102256340
HiC_scaffold_1	9255000	9265000	-5	-0.230211014976
HiC_scaffold_1	9265000	9275000	-4	-0.065893140457
HiC_scaffold_1	9275000	9285000	-3	0.020861600612
HiC_scaffold_1	9285000	9295000	-2	-0.046519474763
HiC_scaffold_1	9295000	9305000	-1	-0.205622120455
HiC_scaffold_1	9305000	9315000	0	-0.413695335437
HiC_scaffold_1	9315000	9325000	1	-0.275198872504
HiC_scaffold_1	9325000	9335000	2	-0.044634655844
HiC_scaffold_1	9335000	9345000	3	0.070164641852
HiC_scaffold_1	9345000	9355000	4	0.136601374413
HiC_scaffold_1	9355000	9365000	5	0.099902031377
HiC_scaffold_2	265000	275000	-5	-0.020225596624
HiC_scaffold_2	275000	285000	-4	-0.111511449835
HiC_scaffold_2	285000	295000	-3	-0.169260216225
HiC_scaffold_2	295000	305000	-2	-0.221127774258
HiC_scaffold_2	305000	315000	-1	-0.330928853269
HiC_scaffold_2	315000	325000	0	-0.408493244679
HiC_scaffold_2	325000	335000	1	-0.036257005925
HiC_scaffold_2	335000	345000	2	0.038628253383
HiC_scaffold_2	345000	355000	3	-0.112304983662
HiC_scaffold_2	355000	365000	4	-0.238349409078
HiC_scaffold_2	365000	375000	5	-0.131078672817
HiC_scaffold_2	1065000	1075000	-5	-0.140745838142
HiC_scaffold_2	1075000	1085000	-4	-0.171371924914
HiC_scaffold_2	1085000	1095000	-3	-0.109143500330
HiC_scaffold_2	1095000	1105000	-2	-0.126008343842
HiC_scaffold_2	1105000	1115000	-1	-0.152999542796
HiC_scaffold_2	1115000	1125000	0	-0.537279014796
HiC_scaffold_2	1125000	1135000	1	-0.532038685848
HiC_scaffold_2	1135000	1145000	2	-0.451171340988
HiC_scaffold_2	1145000	1155000	3	-0.328305405617
HiC_scaffold_2	1155000	1165000	4	-0.297320146649
HiC_scaffold_2	1165000	1175000	5	0.191381351984
HiC_scaffold_2	1925000	1935000	-5	-0.193297726330
HiC_scaffold_2	1935000	1945000	-4	-0.382798684971
HiC_scaffold_2	1945000	1955000	-3	-0.120645989522
HiC_scaffold_2	1955000	1965000	-2	0.077522192236
HiC_scaffold_2	1965000	1975000	-1	-0.349005498768
HiC_scaffold_2	1975000	1985000	0	-0.470206886199
HiC_scaffold_2	1985000	1995000	1	-0.409714882472
HiC_scaffold_2	1995000	2005000	2	-0.237553702186
HiC_scaffold_2	2005000	2015000	3	-0.094974399485
HiC_scaffold_2	2015000	2025000	4	-0.044753473552
HiC_scaffold_2	2025000	2035000	5	0.059995256012
HiC_scaffold_2	2325000	2335000	-5	-0.239858543529
HiC_scaffold_2	2335000	2345000	-4	-0.186695939516
HiC_scaffold_2	2345000	2355000	-3	0.315471680608
HiC_scaffold_2	2355000	2365000	-2	0.248029194565
HiC_scaffold_2	2365000	2375000	-1	0.076581408362
HiC_scaffold_2	2375000	2385000	0	-0.542052727079
HiC_scaffold_2	2385000	2395000	1	-0.380927570691
HiC_scaffold_2	2395000	2405000	2	-0.263417889242
HiC_scaffold_2	2405000	2415000	3	-0.047770966731
HiC_scaffold_2	2415000	2425000	4	0.096972264510
HiC_scaffold_2	2425000	2435000	5	0.196880608594
HiC_scaffold_2	2435000	2445000	-5	0.224064714819
HiC_scaffold_2	2445000	2455000	-4	0.178191817754
HiC_scaffold_2	2455000	2465000	-3	0.167748101388
HiC_scaffold_2	2465000	2475000	-2	0.072361626743
HiC_scaffold_2	2475000	2485000	-1	-0.010413068047
HiC_scaffold_2	2485000	2495000	0	-0.185614518755
HiC_scaffold_2	2495000	2505000	1	-0.113019298543
HiC_scaffold_2	2505000	2515000	2	0.169826239921
HiC_scaffold_2	2515000	2525000	3	0.296293647759
HiC_scaffold_2	2525000	2535000	4	0.411493558616
HiC_scaffold_2	2535000	2545000	5	0.453286527674
HiC_scaffold_2	2725000	2735000	-5	0.666523676785
HiC_scaffold_2	2735000	2745000	-4	0.290367207647
HiC_scaffold_2	2745000	2755000	-3	-0.129716884066
HiC_scaffold_2	2755000	2765000	-2	-0.203972636603
HiC_scaffold_2	2765000	2775000	-1	-0.314495086578
HiC_scaffold_2	2775000	2785000	0	-0.368421682605
HiC_scaffold_2	2785000	2795000	1	-0.223699121052
HiC_scaffold_2	2795000	2805000	2	-0.023593375017
HiC_scaffold_2	2805000	2815000	3	-0.063406001861
HiC_scaffold_2	2815000	2825000	4	0.003989884375
HiC_scaffold_2	2825000	2835000	5	-0.046533842144
HiC_scaffold_2	3785000	3795000	-5	0.263400760486
HiC_scaffold_2	3795000	3805000	-4	0.246148762487
HiC_scaffold_2	3805000	3815000	-3	-0.058929482747
HiC_scaffold_2	3815000	3825000	-2	-0.241573509733
HiC_scaffold_2	3825000	3835000	-1	-0.425098765155
HiC_scaffold_2	3835000	3845000	0	-0.526053437605
HiC_scaffold_2	3845000	3855000	1	-0.401318988351
HiC_scaffold_2	3855000	3865000	2	-0.347369087478
HiC_scaffold_2	3865000	3875000	3	-0.147203720942
HiC_scaffold_2	3875000	3885000	4	-0.003731281830
HiC_scaffold_2	3885000	3895000	5	0.159922550940
HiC_scaffold_2	3935000	3945000	-5	0.258573501159
HiC_scaffold_2	3945000	3955000	-4	0.322828947410
HiC_scaffold_2	3955000	3965000	-3	0.248487950937
HiC_scaffold_2	3965000	3975000	-2	-0.007332235966
HiC_scaffold_2	3975000	3985000	-1	-0.057004035874
HiC_scaffold_2	3985000	3995000	0	-0.190482016153
HiC_scaffold_2	3995000	4005000	1	-0.168368036813
HiC_scaffold_2	4005000	4015000	2	-0.108955854011
HiC_scaffold_2	4015000	4025000	3	-0.109282238232
HiC_scaffold_2	4025000	4035000	4	-0.140665025787
HiC_scaffold_2	4035000	4045000	5	-0.089534706899
HiC_scaffold_2	4025000	4035000	-5	-0.140665025787
HiC_scaffold_2	4035000	4045000	-4	-0.089534706899
HiC_scaffold_2	4045000	4055000	-3	-0.128254596388
HiC_scaffold_2	4055000	4065000	-2	-0.220748930943
HiC_scaffold_2	4065000	4075000	-1	-0.463013820423
HiC_scaffold_2	4075000	4085000	0	-0.542490703123
HiC_scaffold_2	4085000	4095000	1	-0.359969503714
HiC_scaffold_2	4095000	4105000	2	-0.067209376830
HiC_scaffold_2	4105000	4115000	3	-0.075023447301
HiC_scaffold_2	4115000	4125000	4	0.141383533869
HiC_scaffold_2	4125000	4135000	5	0.049853930473
HiC_scaffold_2	4115000	4125000	-5	0.141383533869
HiC_scaffold_2	4125000	4135000	-4	0.049853930473
HiC_scaffold_2	4135000	4145000	-3	0.325013019177
HiC_scaffold_2	4145000	4155000	-2	-0.428155773040
HiC_scaffold_2	4155000	4165000	-1	-0.315721278969
HiC_scaffold_2	4165000	4175000	0	-0.599505523134
HiC_scaffold_2	4175000	4185000	1	-0.393537832420
HiC_scaffold_2	4185000	4195000	2	-0.050515772227
HiC_scaffold_2	4195000	4205000	3	0.120623688627
HiC_scaffold_2	4205000	4215000	4	0.088804470722
HiC_scaffold_2	4215000	4225000	5	0.055515076029
HiC_scaffold_2	4725000	4735000	-5	-0.057365959829
HiC_scaffold_2	4735000	4745000	-4	-0.142320450792
HiC_scaffold_2	4745000	4755000	-3	-0.058435561543
HiC_scaffold_2	4755000	4765000	-2	-0.075978229609
HiC_scaffold_2	4765000	4775000	-1	-0.281728056650
HiC_scaffold_2	4775000	4785000	0	-0.380074079856
HiC_scaffold_2	4785000	4795000	1	-0.269313164077
HiC_scaffold_2	4795000	4805000	2	-0.095120919150
HiC_scaffold_2	4805000	4815000	3	0.039170307644
HiC_scaffold_2	4815000	4825000	4	-0.063632401417
HiC_scaffold_2	4825000	4835000	5	-0.190301212446
HiC_scaffold_2	4775000	4785000	-5	-0.380074079856
HiC_scaffold_2	4785000	4795000	-4	-0.269313164077
HiC_scaffold_2	4795000	4805000	-3	-0.095120919150
HiC_scaffold_2	4805000	4815000	-2	0.039170307644
HiC_scaffold_2	4815000	4825000	-1	-0.063632401417
HiC_scaffold_2	4825000	4835000	0	-0.190301212446
HiC_scaffold_2	4835000	4845000	1	-0.146337399856
HiC_scaffold_2	4845000	4855000	2	0.026077262480
HiC_scaffold_2	4855000	4865000	3	0.285653797858
HiC_scaffold_2	4865000	4875000	4	0.502358394689
HiC_scaffold_2	4875000	4885000	5	0.506405670545
HiC_scaffold_2	4955000	4965000	-5	0.309981892787
HiC_scaffold_2	4965000	4975000	-4	0.287782919860
HiC_scaffold_2	4975000	4985000	-3	0.480065466245
HiC_scaffold_2	4985000	4995000	-2	0.345032418673
HiC_scaffold_2	4995000	5005000	-1	0.025161434876
HiC_scaffold_2	5005000	5015000	0	-0.278669788003
HiC_scaffold_2	5015000	5025000	1	-0.230754403316
HiC_scaffold_2	5025000	5035000	2	-0.154768826387
HiC_scaffold_2	5035000	5045000	3	-0.062535616113
HiC_scaffold_2	5045000	5055000	4	0.118735962263
HiC_scaffold_2	5055000	5065000	5	0.192660378703
HiC_scaffold_2	5795000	5805000	-5	-0.205228282741
HiC_scaffold_2	5805000	5815000	-4	-0.292126680154
HiC_scaffold_2	5815000	5825000	-3	-0.383310443283
HiC_scaffold_2	5825000	5835000	-2	-0.395344055330
HiC_scaffold_2	5835000	5845000	-1	-0.587365805327
HiC_scaffold_2	5845000	5855000	0	-0.594883595921
HiC_scaffold_2	5855000	5865000	1	-0.391596293211
HiC_scaffold_2	5865000	5875000	2	-0.225843182092
HiC_scaffold_2	5875000	5885000	3	-0.072248732841
HiC_scaffold_2	5885000	5895000	4	-0.000054768530
HiC_scaffold_2	5895000	5905000	5	-0.064589490473
HiC_scaffold_3	255000	265000	-5	0.301790766240
HiC_scaffold_3	265000	275000	-4	0.213562207908
HiC_scaffold_3	275000	285000	-3	0.249051211921
HiC_scaffold_3	285000	295000	-2	0.106563236748
HiC_scaffold_3	295000	305000	-1	-0.082658257820
HiC_scaffold_3	305000	315000	0	-0.260295433493
HiC_scaffold_3	315000	325000	1	-0.067618156880
HiC_scaffold_3	325000	335000	2	0.034673379679
HiC_scaffold_3	335000	345000	3	0.011708186466
HiC_scaffold_3	345000	355000	4	0.127814802029
HiC_scaffold_3	355000	365000	5	0.104438695633
HiC_scaffold_3	335000	345000	-5	0.011708186466
HiC_scaffold_3	345000	355000	-4	0.127814802029
HiC_scaffold_3	355000	365000	-3	0.104438695633
HiC_scaffold_3	365000	375000	-2	0.057753842280
HiC_scaffold_3	375000	385000	-1	-0.104486713353
HiC_scaffold_3	385000	395000	0	-0.262144309432
HiC_scaffold_3	395000	405000	1	-0.123764256519
HiC_scaffold_3	405000	415000	2	-0.057055959750
HiC_scaffold_3	415000	425000	3	-0.144400336468
HiC_scaffold_3	425000	435000	4	-0.250597179121
HiC_scaffold_3	435000	445000	5	-0.165694419506
HiC_scaffold_3	725000	735000	-5	0.508109184596
HiC_scaffold_3	735000	745000	-4	0.431657404209
HiC_scaffold_3	745000	755000	-3	0.270339735932
HiC_scaffold_3	755000	765000	-2	0.025748106674
HiC_scaffold_3	765000	775000	-1	-0.158388268086
HiC_scaffold_3	775000	785000	0	-0.232232310200
HiC_scaffold_3	785000	795000	1	-0.051138615767
HiC_scaffold_3	795000	805000	2	0.148033719121
HiC_scaffold_3	805000	815000	3	0.224819531998
HiC_scaffold_3	815000	825000	4	0.082326829201
HiC_scaffold_3	825000	835000	5	-0.036260821166
HiC_scaffold_3	1005000	1015000	-5	0.654590509389
HiC_scaffold_3	1015000	1025000	-4	0.814723777287
HiC_scaffold_3	1025000	1035000	-3	0.689638031327
HiC_scaffold_3	1035000	1045000	-2	0.471137372749
HiC_scaffold_3	1045000	1055000	-1	0.099257768410
HiC_scaffold_3	1055000	1065000	0	-0.225691186042
HiC_scaffold_3	1065000	1075000	1	-0.099361980783
HiC_scaffold_3	1075000	1085000	2	0.630858887679
HiC_scaffold_3	1085000	1095000	3	1.306065049317
HiC_scaffold_3	1095000	1105000	4	1.795614826380
HiC_scaffold_3	1105000	1115000	5	0.771563934065
HiC_scaffold_3	1195000	1205000	-5	0.541175604887
HiC_scaffold_3	1205000	1215000	-4	0.392720169607
HiC_scaffold_3	1215000	1225000	-3	0.202724202945
HiC_scaffold_3	1225000	1235000	-2	0.262696670058
HiC_scaffold_3	1235000	1245000	-1	0.129293046673
HiC_scaffold_3	1245000	1255000	0	0.028655036191
HiC_scaffold_3	1255000	1265000	1	0.145819338938
HiC_scaffold_3	1265000	1275000	2	0.290529452092
HiC_scaffold_3	1275000	1285000	3	0.298882600370
HiC_scaffold_3	1285000	1295000	4	0.266887705063
HiC_scaffold_3	1295000	1305000	5	0.228267327235
HiC_scaffold_3	1305000	1315000	-5	0.286685174555
HiC_scaffold_3	1315000	1325000	-4	0.444989047505
HiC_scaffold_3	1325000	1335000	-3	0.569674274812
HiC_scaffold_3	1335000	1345000	-2	0.414012519518
HiC_scaffold_3	1345000	1355000	-1	0.148712038121
HiC_scaffold_3	1355000	1365000	0	0.038702979447
HiC_scaffold_3	1365000	1375000	1	0.068463786042
HiC_scaffold_3	1375000	1385000	2	0.147486451228
HiC_scaffold_3	1385000	1395000	3	0.164408919257
HiC_scaffold_3	1395000	1405000	4	0.175645480057
HiC_scaffold_3	1405000	1415000	5	0.052808934501
HiC_scaffold_3	1455000	1465000	-5	0.146294023255
HiC_scaffold_3	1465000	1475000	-4	0.062768105884
HiC_scaffold_3	1475000	1485000	-3	-0.008521236170
HiC_scaffold_3	1485000	1495000	-2	-0.163444495827
HiC_scaffold_3	1495000	1505000	-1	-0.346681440732
HiC_scaffold_3	1505000	1515000	0	-0.562645832717
HiC_scaffold_3	1515000	1525000	1	-0.560338379484
HiC_scaffold_3	1525000	1535000	2	-0.410400659606
HiC_scaffold_3	1535000	1545000	3	-0.173898875318
HiC_scaffold_3	1545000	1555000	4	0.147582502495
HiC_scaffold_3	1555000	1565000	5	0.345993694260
HiC_scaffold_3	2265000	2275000	-5	0.519356235919
HiC_scaffold_3	2275000	2285000	-4	0.626916306927
HiC_scaffold_3	2285000	2295000	-3	0.633847263365
HiC_scaffold_3	2295000	2305000	-2	0.428349013885
HiC_scaffold_3	2305000	2315000	-1	0.069467469505
HiC_scaffold_3	2315000	2325000	0	-0.146077078165
HiC_scaffold_3	2325000	2335000	1	0.100064061870
HiC_scaffold_3	2335000	2345000	2	0.494291611899
HiC_scaffold_3	2345000	2355000	3	0.377085486065
HiC_scaffold_3	2355000	2365000	4	0.184982748437
HiC_scaffold_3	2365000	2375000	5	0.053774582054
HiC_scaffold_3	2625000	2635000	-5	-0.244392665172
HiC_scaffold_3	2635000	2645000	-4	-0.392437254455
HiC_scaffold_3	2645000	2655000	-3	-0.526715333535
HiC_scaffold_3	2655000	2665000	-2	-0.734821820861
HiC_scaffold_3	2665000	2675000	-1	-0.650155305087
HiC_scaffold_3	2675000	2685000	0	-0.834398014000
HiC_scaffold_3	2685000	2695000	1	-0.609775538207
HiC_scaffold_3	2695000	2705000	2	0.571076002114
HiC_scaffold_3	2705000	2715000	3	1.188720165682
HiC_scaffold_3	2715000	2725000	4	0.818077001223
HiC_scaffold_3	2725000	2735000	5	0.154456999670
HiC_scaffold_3	3575000	3585000	-5	-0.064086661725
HiC_scaffold_3	3585000	3595000	-4	0.102623447793
HiC_scaffold_3	3595000	3605000	-3	0.034569823926
HiC_scaffold_3	3605000	3615000	-2	-0.202937639256
HiC_scaffold_3	3615000	3625000	-1	-0.574481787982
HiC_scaffold_3	3625000	3635000	0	-0.741076525761
HiC_scaffold_3	3635000	3645000	1	-0.669908467972
HiC_scaffold_3	3645000	3655000	2	-0.526679848014
HiC_scaffold_3	3655000	3665000	3	-0.347501352122
HiC_scaffold_3	3665000	3675000	4	-0.241387387711
HiC_scaffold_3	3675000	3685000	5	-0.186495789230
HiC_scaffold_3	4335000	4345000	-5	-0.307719188421
HiC_scaffold_3	4345000	4355000	-4	-0.177153846899
HiC_scaffold_3	4355000	4365000	-3	-0.109298144853
HiC_scaffold_3	4365000	4375000	-2	-0.126510631367
HiC_scaffold_3	4375000	4385000	-1	-0.325304286412
HiC_scaffold_3	4385000	4395000	0	-0.496914830753
HiC_scaffold_3	4395000	4405000	1	-0.401202924569
HiC_scaffold_3	4405000	4415000	2	-0.295500731892
HiC_scaffold_3	4415000	4425000	3	-0.178011727475
HiC_scaffold_3	4425000	4435000	4	-0.135139935363
HiC_scaffold_3	4435000	4445000	5	-0.351439544259
HiC_scaffold_3	4685000	4695000	-5	0.069988954712
HiC_scaffold_3	4695000	4705000	-4	-0.004310635092
HiC_scaffold_3	4705000	4715000	-3	-0.145944831199
HiC_scaffold_3	4715000	4725000	-2	-0.324765181869
HiC_scaffold_3	4725000	4735000	-1	-0.286484862009
HiC_scaffold_3	4735000	4745000	0	-0.368722593052
HiC_scaffold_3	4745000	4755000	1	-0.307258593048
HiC_scaffold_3	4755000	4765000	2	-0.050586460014
HiC_scaffold_3	4765000	4775000	3	0.112110938498
HiC_scaffold_3	4775000	4785000	4	0.362023274165
HiC_scaffold_3	4785000	4795000	5	0.359870034457
HiC_scaffold_4	845000	855000	-5	0.097482912471
HiC_scaffold_4	855000	865000	-4	0.256660676278
HiC_scaffold_4	865000	875000	-3	0.274265011710
HiC_scaffold_4	875000	885000	-2	0.103519529219
HiC_scaffold_4	885000	895000	-1	-0.239235572740
HiC_scaffold_4	895000	905000	0	-0.422682941538
HiC_scaffold_4	905000	915000	1	-0.256061836996
HiC_scaffold_4	915000	925000	2	0.085702439075
HiC_scaffold_4	925000	935000	3	0.304404583808
HiC_scaffold_4	935000	945000	4	0.238125849878
HiC_scaffold_4	945000	955000	5	0.062821153467
HiC_scaffold_4	1045000	1055000	-5	0.040772518970
HiC_scaffold_4	1055000	1065000	-4	0.050698448715
HiC_scaffold_4	1065000	1075000	-3	0.011005332712
HiC_scaffold_4	1075000	1085000	-2	-0.147896079272
HiC_scaffold_4	1085000	1095000	-1	-0.430443005751
HiC_scaffold_4	1095000	1105000	0	-0.523082079583
HiC_scaffold_4	1105000	1115000	1	-0.505808023228
HiC_scaffold_4	1115000	1125000	2	-0.298729731515
HiC_scaffold_4	1125000	1135000	3	0.020023020223
HiC_scaffold_4	1135000	1145000	4	0.173764055453
HiC_scaffold_4	1145000	1155000	5	0.667749803522
HiC_scaffold_4	1665000	1675000	-5	0.389431658537
HiC_scaffold_4	1675000	1685000	-4	0.402411219509
HiC_scaffold_4	1685000	1695000	-3	0.224009171710
HiC_scaffold_4	1695000	1705000	-2	-0.126131814024
HiC_scaffold_4	1705000	1715000	-1	-0.418192473678
HiC_scaffold_4	1715000	1725000	0	-0.544724309965
HiC_scaffold_4	1725000	1735000	1	-0.141724751337
HiC_scaffold_4	1735000	1745000	2	0.224242096356
HiC_scaffold_4	1745000	1755000	3	0.449615728792
HiC_scaffold_4	1755000	1765000	4	0.238274391529
HiC_scaffold_4	1765000	1775000	5	0.090198412393
HiC_scaffold_4	1725000	1735000	-5	-0.141724751337
HiC_scaffold_4	1735000	1745000	-4	0.224242096356
HiC_scaffold_4	1745000	1755000	-3	0.449615728792
HiC_scaffold_4	1755000	1765000	-2	0.238274391529
HiC_scaffold_4	1765000	1775000	-1	0.090198412393
HiC_scaffold_4	1775000	1785000	0	0.022749953856
HiC_scaffold_4	1785000	1795000	1	0.203423640932
HiC_scaffold_4	1795000	1805000	2	0.254286828515
HiC_scaffold_4	1805000	1815000	3	0.379139067202
HiC_scaffold_4	1815000	1825000	4	0.642127903113
HiC_scaffold_4	1825000	1835000	5	0.905650012567
HiC_scaffold_4	2205000	2215000	-5	0.051941789154
HiC_scaffold_4	2215000	2225000	-4	0.186064478257
HiC_scaffold_4	2225000	2235000	-3	0.076810403366
HiC_scaffold_4	2235000	2245000	-2	-0.113181270925
HiC_scaffold_4	2245000	2255000	-1	-0.397036790919
HiC_scaffold_4	2255000	2265000	0	-0.413389944681
HiC_scaffold_4	2265000	2275000	1	-0.123829249649
HiC_scaffold_4	2275000	2285000	2	0.133513646185
HiC_scaffold_4	2285000	2295000	3	0.332806591735
HiC_scaffold_4	2295000	2305000	4	0.273509197814
HiC_scaffold_4	2305000	2315000	5	0.154609948594
HiC_scaffold_4	2515000	2525000	-5	-0.210009910382
HiC_scaffold_4	2525000	2535000	-4	-0.009309870681
HiC_scaffold_4	2535000	2545000	-3	-0.059650037908
HiC_scaffold_4	2545000	2555000	-2	-0.295963555720
HiC_scaffold_4	2555000	2565000	-1	-0.291597374448
HiC_scaffold_4	2565000	2575000	0	-0.439519137785
HiC_scaffold_4	2575000	2585000	1	-0.205583975705
HiC_scaffold_4	2585000	2595000	2	0.093327691814
HiC_scaffold_4	2595000	2605000	3	0.401371847639
HiC_scaffold_4	2605000	2615000	4	0.294530531789
HiC_scaffold_4	2615000	2625000	5	0.150892761004
HiC_scaffold_4	3255000	3265000	-5	-0.233535333290
HiC_scaffold_4	3265000	3275000	-4	-0.329227261583
HiC_scaffold_4	3275000	3285000	-3	-0.378246049803
HiC_scaffold_4	3285000	3295000	-2	-0.541665389380
HiC_scaffold_4	3295000	3305000	-1	-0.663987985047
HiC_scaffold_4	3305000	3315000	0	-0.824064146553
HiC_scaffold_4	3315000	3325000	1	-0.791968470474
HiC_scaffold_4	3325000	3335000	2	-0.632728374209
HiC_scaffold_4	3335000	3345000	3	-0.706429735872
HiC_scaffold_4	3345000	3355000	4	-0.577711229032
HiC_scaffold_4	3355000	3365000	5	-0.534757726382
HiC_scaffold_4	4385000	4395000	-5	0.416090208977
HiC_scaffold_4	4395000	4405000	-4	0.463619995460
HiC_scaffold_4	4405000	4415000	-3	0.379511187766
HiC_scaffold_4	4415000	4425000	-2	0.246349310728
HiC_scaffold_4	4425000	4435000	-1	-0.016820654404
HiC_scaffold_4	4435000	4445000	0	-0.248089708093
HiC_scaffold_4	4445000	4455000	1	-0.139026990663
HiC_scaffold_4	4455000	4465000	2	0.019462493250
HiC_scaffold_4	4465000	4475000	3	-0.020190000378
HiC_scaffold_4	4475000	4485000	4	-0.165171613697
HiC_scaffold_4	4485000	4495000	5	-0.116145640223
HiC_scaffold_4	4635000	4645000	-5	-0.022869903092
HiC_scaffold_4	4645000	4655000	-4	-0.030724058876
HiC_scaffold_4	4655000	4665000	-3	0.042846840643
HiC_scaffold_4	4665000	4675000	-2	-0.013804025743
HiC_scaffold_4	4675000	4685000	-1	-0.225103902876
HiC_scaffold_4	4685000	4695000	0	-0.413466730757
HiC_scaffold_4	4695000	4705000	1	-0.276702354497
HiC_scaffold_4	4705000	4715000	2	-0.114725042192
HiC_scaffold_4	4715000	4725000	3	0.020087238548
HiC_scaffold_4	4725000	4735000	4	-0.021460236294
HiC_scaffold_4	4735000	4745000	5	-0.119231736712
HiC_scaffold_5	345000	355000	-5	0.429927797510
HiC_scaffold_5	355000	365000	-4	0.325913255376
HiC_scaffold_5	365000	375000	-3	-0.039995014245
HiC_scaffold_5	375000	385000	-2	-0.286884206680
HiC_scaffold_5	385000	395000	-1	-0.558468071668
HiC_scaffold_5	395000	405000	0	-0.717112859281
HiC_scaffold_5	405000	415000	1	-0.657358222384
HiC_scaffold_5	415000	425000	2	-0.455858909880
HiC_scaffold_5	425000	435000	3	-0.253870631736
HiC_scaffold_5	435000	445000	4	0.056947412329
HiC_scaffold_5	445000	455000	5	0.257143588969
HiC_scaffold_5	1035000	1045000	-5	0.276471651880
HiC_scaffold_5	1045000	1055000	-4	0.111774334789
HiC_scaffold_5	1055000	1065000	-3	-0.100580481241
HiC_scaffold_5	1065000	1075000	-2	-0.070884402531
HiC_scaffold_5	1075000	1085000	-1	-0.156235435426
HiC_scaffold_5	1085000	1095000	0	-0.162724563701
HiC_scaffold_5	1095000	1105000	1	-0.080946119774
HiC_scaffold_5	1105000	1115000	2	0.058030265758
HiC_scaffold_5	1115000	1125000	3	0.087500184901
HiC_scaffold_5	1125000	1135000	4	-0.026032553940
HiC_scaffold_5	1135000	1145000	5	-0.034688207452
HiC_scaffold_5	1305000	1315000	-5	-0.758555503146
HiC_scaffold_5	1315000	1325000	-4	-1.062289928318
HiC_scaffold_5	1325000	1335000	-3	-1.124804523497
HiC_scaffold_5	1335000	1345000	-2	-1.047531861511
HiC_scaffold_5	1345000	1355000	-1	-1.072139206173
HiC_scaffold_5	1355000	1365000	0	-1.174729828679
HiC_scaffold_5	1365000	1375000	1	-0.866285764140
HiC_scaffold_5	1375000	1385000	2	-0.536011583265
HiC_scaffold_5	1385000	1395000	3	-0.253734166880
HiC_scaffold_5	1395000	1405000	4	-0.567263539189
HiC_scaffold_5	1405000	1415000	5	-0.619660487045
HiC_scaffold_5	1875000	1885000	-5	0.044397483740
HiC_scaffold_5	1885000	1895000	-4	-0.104667309847
HiC_scaffold_5	1895000	1905000	-3	-0.086458309285
HiC_scaffold_5	1905000	1915000	-2	-0.040623493337
HiC_scaffold_5	1915000	1925000	-1	-0.149476894175
HiC_scaffold_5	1925000	1935000	0	-0.551561151896
HiC_scaffold_5	1935000	1945000	1	-0.472972590361
HiC_scaffold_5	1945000	1955000	2	-0.246641470772
HiC_scaffold_5	1955000	1965000	3	-0.083676238350
HiC_scaffold_5	1965000	1975000	4	-0.019805355290
HiC_scaffold_5	1975000	1985000	5	-0.130008216582
HiC_scaffold_5	2105000	2115000	-5	-0.556247131978
HiC_scaffold_5	2115000	2125000	-4	-0.392115480672
HiC_scaffold_5	2125000	2135000	-3	-0.364178712963
HiC_scaffold_5	2135000	2145000	-2	-0.561230872128
HiC_scaffold_5	2145000	2155000	-1	-0.709758207455
HiC_scaffold_5	2155000	2165000	0	-0.859128982299
HiC_scaffold_5	2165000	2175000	1	-0.445596543022
HiC_scaffold_5	2175000	2185000	2	-0.371324368341
HiC_scaffold_5	2185000	2195000	3	-0.197905899726
HiC_scaffold_5	2195000	2205000	4	-0.085636416530
HiC_scaffold_5	2205000	2215000	5	-0.145910053859
HiC_scaffold_5	2275000	2285000	-5	-0.062554971752
HiC_scaffold_5	2285000	2295000	-4	0.048804722511
HiC_scaffold_5	2295000	2305000	-3	-0.032216328099
HiC_scaffold_5	2305000	2315000	-2	-0.139411705506
HiC_scaffold_5	2315000	2325000	-1	-0.473444230290
HiC_scaffold_5	2325000	2335000	0	-0.561605732439
HiC_scaffold_5	2335000	2345000	1	-0.349502438699
HiC_scaffold_5	2345000	2355000	2	-0.104126542855
HiC_scaffold_5	2355000	2365000	3	0.225576477740
HiC_scaffold_5	2365000	2375000	4	-0.055664904641
HiC_scaffold_5	2375000	2385000	5	-0.128713874733
HiC_scaffold_5	2435000	2445000	-5	-0.149414612623
HiC_scaffold_5	2445000	2455000	-4	0.015490761941
HiC_scaffold_5	2455000	2465000	-3	-0.082576513321
HiC_scaffold_5	2465000	2475000	-2	-0.277212828289
HiC_scaffold_5	2475000	2485000	-1	-0.587306518060
HiC_scaffold_5	2485000	2495000	0	-0.784072239180
HiC_scaffold_5	2495000	2505000	1	-0.535418731949
HiC_scaffold_5	2505000	2515000	2	-0.266273591472
HiC_scaffold_5	2515000	2525000	3	-0.198880406914
HiC_scaffold_5	2525000	2535000	4	-0.256099788663
HiC_scaffold_5	2535000	2545000	5	-0.350294271530
HiC_scaffold_5	2805000	2815000	-5	0.158569764786
HiC_scaffold_5	2815000	2825000	-4	0.176760068353
HiC_scaffold_5	2825000	2835000	-3	-0.012692508503
HiC_scaffold_5	2835000	2845000	-2	-0.336651276184
HiC_scaffold_5	2845000	2855000	-1	-0.531895818431
HiC_scaffold_5	2855000	2865000	0	-0.678315157332
HiC_scaffold_5	2865000	2875000	1	-0.451806268485
HiC_scaffold_5	2875000	2885000	2	-0.157364648625
HiC_scaffold_5	2885000	2895000	3	0.153244162191
HiC_scaffold_5	2895000	2905000	4	0.296201360662
HiC_scaffold_5	2905000	2915000	5	0.191448684779
HiC_scaffold_5	2955000	2965000	-5	-0.363086656697
HiC_scaffold_5	2965000	2975000	-4	-0.134707628435
HiC_scaffold_5	2975000	2985000	-3	-0.091166954845
HiC_scaffold_5	2985000	2995000	-2	-0.349574150862
HiC_scaffold_5	2995000	3005000	-1	-0.600418375094
HiC_scaffold_5	3005000	3015000	0	-0.683702681624
HiC_scaffold_5	3015000	3025000	1	-0.404123558886
HiC_scaffold_5	3025000	3035000	2	-0.116630521766
HiC_scaffold_5	3035000	3045000	3	0.001064248829
HiC_scaffold_5	3045000	3055000	4	0.125168771966
HiC_scaffold_5	3055000	3065000	5	0.137837437270
HiC_scaffold_5	3295000	3305000	-5	-0.275833247499
HiC_scaffold_5	3305000	3315000	-4	-0.282612191138
HiC_scaffold_5	3315000	3325000	-3	-0.222157770105
HiC_scaffold_5	3325000	3335000	-2	-0.233359640702
HiC_scaffold_5	3335000	3345000	-1	-0.440943531868
HiC_scaffold_5	3345000	3355000	0	-0.618056517215
HiC_scaffold_5	3355000	3365000	1	-0.343317790794
HiC_scaffold_5	3365000	3375000	2	-0.075510408249
HiC_scaffold_5	3375000	3385000	3	-0.095649584119
HiC_scaffold_5	3385000	3395000	4	-0.094429219984
HiC_scaffold_5	3395000	3405000	5	0.040682829285
HiC_scaffold_5	3615000	3625000	-5	0.342152241810
HiC_scaffold_5	3625000	3635000	-4	0.449926954277
HiC_scaffold_5	3635000	3645000	-3	0.550979812340
HiC_scaffold_5	3645000	3655000	-2	0.438578561323
HiC_scaffold_5	3655000	3665000	-1	0.108988380729
HiC_scaffold_5	3665000	3675000	0	-0.078798982290
HiC_scaffold_5	3675000	3685000	1	0.103215729097
HiC_scaffold_5	3685000	3695000	2	0.422101931279
HiC_scaffold_5	3695000	3705000	3	0.474760918372
HiC_scaffold_5	3705000	3715000	4	0.298726911698
HiC_scaffold_5	3715000	3725000	5	0.145901125337
HiC_scaffold_5	3935000	3945000	-5	0.189490822255
HiC_scaffold_5	3945000	3955000	-4	0.192330117871
HiC_scaffold_5	3955000	3965000	-3	0.224363045382
HiC_scaffold_5	3965000	3975000	-2	-0.005326981401
HiC_scaffold_5	3975000	3985000	-1	-0.367324333811
HiC_scaffold_5	3985000	3995000	0	-0.703204656143
HiC_scaffold_5	3995000	4005000	1	-0.664838046205
HiC_scaffold_5	4005000	4015000	2	-0.370008289981
HiC_scaffold_5	4015000	4025000	3	0.076026430256
HiC_scaffold_5	4025000	4035000	4	0.178378895169
HiC_scaffold_5	4035000	4045000	5	0.232916570799
HiC_scaffold_6	555000	565000	-5	0.404803818465
HiC_scaffold_6	565000	575000	-4	0.366233620627
HiC_scaffold_6	575000	585000	-3	0.471630590559
HiC_scaffold_6	585000	595000	-2	0.398206281467
HiC_scaffold_6	595000	605000	-1	0.009096312968
HiC_scaffold_6	605000	615000	0	-0.160549936760
HiC_scaffold_6	615000	625000	1	-0.021596603912
HiC_scaffold_6	625000	635000	2	0.189811205810
HiC_scaffold_6	635000	645000	3	0.120112998759
HiC_scaffold_6	645000	655000	4	0.110964043694
HiC_scaffold_6	655000	665000	5	0.194833530742
HiC_scaffold_6	985000	995000	-5	0.126843502723
HiC_scaffold_6	995000	1005000	-4	0.011312035054
HiC_scaffold_6	1005000	1015000	-3	0.045265472922
HiC_scaffold_6	1015000	1025000	-2	-0.101737456873
HiC_scaffold_6	1025000	1035000	-1	-0.171927149852
HiC_scaffold_6	1035000	1045000	0	-0.433841486102
HiC_scaffold_6	1045000	1055000	1	-0.370912692147
HiC_scaffold_6	1055000	1065000	2	-0.066594863675
HiC_scaffold_6	1065000	1075000	3	0.100580796556
HiC_scaffold_6	1075000	1085000	4	0.204657515310
HiC_scaffold_6	1085000	1095000	5	0.033959742829
HiC_scaffold_6	1245000	1255000	-5	0.056945403999
HiC_scaffold_6	1255000	1265000	-4	0.157480205948
HiC_scaffold_6	1265000	1275000	-3	0.109652799786
HiC_scaffold_6	1275000	1285000	-2	0.047917178671
HiC_scaffold_6	1285000	1295000	-1	-0.115187824486
HiC_scaffold_6	1295000	1305000	0	-0.235200922711
HiC_scaffold_6	1305000	1315000	1	-0.102209337265
HiC_scaffold_6	1315000	1325000	2	0.068846053703
HiC_scaffold_6	1325000	1335000	3	0.088629212557
HiC_scaffold_6	1335000	1345000	4	0.369107573876
HiC_scaffold_6	1345000	1355000	5	0.404108096004
HiC_scaffold_6	1345000	1355000	-5	0.404108096004
HiC_scaffold_6	1355000	1365000	-4	-0.178627118155
HiC_scaffold_6	1365000	1375000	-3	-0.314979753274
HiC_scaffold_6	1375000	1385000	-2	-0.350437012962
HiC_scaffold_6	1385000	1395000	-1	-0.424692545009
HiC_scaffold_6	1395000	1405000	0	-0.721191783084
HiC_scaffold_6	1405000	1415000	1	-0.472208144584
HiC_scaffold_6	1415000	1425000	2	-0.159275997355
HiC_scaffold_6	1425000	1435000	3	0.036434083030
HiC_scaffold_6	1435000	1445000	4	0.262636961902
HiC_scaffold_6	1445000	1455000	5	0.398964804153
HiC_scaffold_6	1555000	1565000	-5	-0.101681710189
HiC_scaffold_6	1565000	1575000	-4	0.135409824945
HiC_scaffold_6	1575000	1585000	-3	0.248430036555
HiC_scaffold_6	1585000	1595000	-2	0.073959142555
HiC_scaffold_6	1595000	1605000	-1	-0.224459111901
HiC_scaffold_6	1605000	1615000	0	-0.429298684245
HiC_scaffold_6	1615000	1625000	1	-0.293647469177
HiC_scaffold_6	1625000	1635000	2	-0.107096633108
HiC_scaffold_6	1635000	1645000	3	0.205880828607
HiC_scaffold_6	1645000	1655000	4	0.271090300088
HiC_scaffold_6	1655000	1665000	5	0.235799779363
HiC_scaffold_6	1635000	1645000	-5	0.205880828607
HiC_scaffold_6	1645000	1655000	-4	0.271090300088
HiC_scaffold_6	1655000	1665000	-3	0.235799779363
HiC_scaffold_6	1665000	1675000	-2	-0.006677395712
HiC_scaffold_6	1675000	1685000	-1	-0.337084431099
HiC_scaffold_6	1685000	1695000	0	-0.432520239810
HiC_scaffold_6	1695000	1705000	1	-0.266168696487
HiC_scaffold_6	1705000	1715000	2	-0.005973521085
HiC_scaffold_6	1715000	1725000	3	0.099591368255
HiC_scaffold_6	1725000	1735000	4	-0.078416936576
HiC_scaffold_6	1735000	1745000	5	-0.349086579747
HiC_scaffold_6	2455000	2465000	-5	0.046740613410
HiC_scaffold_6	2465000	2475000	-4	-0.036627431187
HiC_scaffold_6	2475000	2485000	-3	-0.152412426689
HiC_scaffold_6	2485000	2495000	-2	-0.380090044132
HiC_scaffold_6	2495000	2505000	-1	-0.359885333679
HiC_scaffold_6	2505000	2515000	0	-0.465658973106
HiC_scaffold_6	2515000	2525000	1	-0.391927038675
HiC_scaffold_6	2525000	2535000	2	0.031373115867
HiC_scaffold_6	2535000	2545000	3	0.514353394324
HiC_scaffold_6	2545000	2555000	4	0.623003090816
HiC_scaffold_6	2555000	2565000	5	0.401699832078
HiC_scaffold_6	2645000	2655000	-5	0.000530708239
HiC_scaffold_6	2655000	2665000	-4	0.040675947061
HiC_scaffold_6	2665000	2675000	-3	-0.040039530568
HiC_scaffold_6	2675000	2685000	-2	-0.267609719232
HiC_scaffold_6	2685000	2695000	-1	-0.417717467314
HiC_scaffold_6	2695000	2705000	0	-0.623895965374
HiC_scaffold_6	2705000	2715000	1	-0.234349227580
HiC_scaffold_6	2715000	2725000	2	-0.189236025048
HiC_scaffold_6	2725000	2735000	3	-0.486911040228
HiC_scaffold_6	2735000	2745000	4	-0.493810833325
HiC_scaffold_6	2745000	2755000	5	-0.628430347338
HiC_scaffold_6	4125000	4135000	-5	-0.424841868203
HiC_scaffold_6	4135000	4145000	-4	-0.529494823496
HiC_scaffold_6	4145000	4155000	-3	-0.602803705543
HiC_scaffold_6	4155000	4165000	-2	-0.517301270576
HiC_scaffold_6	4165000	4175000	-1	-0.630784649448
HiC_scaffold_6	4175000	4185000	0	-0.689011667650
HiC_scaffold_6	4185000	4195000	1	-0.572195473828
HiC_scaffold_6	4195000	4205000	2	-0.434634778453
HiC_scaffold_6	4205000	4215000	3	-0.149669407640
HiC_scaffold_6	4215000	4225000	4	0.186559264033
HiC_scaffold_6	4225000	4235000	5	0.329568290425
HiC_scaffold_7	265000	275000	-5	0.088275629829
HiC_scaffold_7	275000	285000	-4	0.060824584249
HiC_scaffold_7	285000	295000	-3	-0.005190926478
HiC_scaffold_7	295000	305000	-2	-0.098286699263
HiC_scaffold_7	305000	315000	-1	-0.320122082307
HiC_scaffold_7	315000	325000	0	-0.463995633403
HiC_scaffold_7	325000	335000	1	-0.425994098611
HiC_scaffold_7	335000	345000	2	-0.365786715384
HiC_scaffold_7	345000	355000	3	-0.214680428110
HiC_scaffold_7	355000	365000	4	0.330110773894
HiC_scaffold_7	365000	375000	5	0.513959629157
HiC_scaffold_7	425000	435000	-5	0.335471716588
HiC_scaffold_7	435000	445000	-4	0.363716173264
HiC_scaffold_7	445000	455000	-3	0.368452497129
HiC_scaffold_7	455000	465000	-2	0.458816979568
HiC_scaffold_7	465000	475000	-1	-0.112781812434
HiC_scaffold_7	475000	485000	0	-0.329927089152
HiC_scaffold_7	485000	495000	1	-0.198173026769
HiC_scaffold_7	495000	505000	2	-0.064318516713
HiC_scaffold_7	505000	515000	3	0.159476505293
HiC_scaffold_7	515000	525000	4	0.177539019329
HiC_scaffold_7	525000	535000	5	0.023933309994
HiC_scaffold_7	1045000	1055000	-5	-0.080586432242
HiC_scaffold_7	1055000	1065000	-4	-0.087757797880
HiC_scaffold_7	1065000	1075000	-3	-0.061715445291
HiC_scaffold_7	1075000	1085000	-2	0.061578172495
HiC_scaffold_7	1085000	1095000	-1	-0.138968779085
HiC_scaffold_7	1095000	1105000	0	-0.232429479224
HiC_scaffold_7	1105000	1115000	1	-0.209636369372
HiC_scaffold_7	1115000	1125000	2	-0.000026778074
HiC_scaffold_7	1125000	1135000	3	0.092568002358
HiC_scaffold_7	1135000	1145000	4	0.175483671889
HiC_scaffold_7	1145000	1155000	5	0.179302586118
HiC_scaffold_7	1245000	1255000	-5	-0.081989524733
HiC_scaffold_7	1255000	1265000	-4	-0.052935943156
HiC_scaffold_7	1265000	1275000	-3	-0.294332962617
HiC_scaffold_7	1275000	1285000	-2	-0.522748617162
HiC_scaffold_7	1285000	1295000	-1	-0.572549132886
HiC_scaffold_7	1295000	1305000	0	-0.621918879997
HiC_scaffold_7	1305000	1315000	1	0.311590610994
HiC_scaffold_7	1315000	1325000	2	0.141574395043
HiC_scaffold_7	1325000	1335000	3	0.194255096644
HiC_scaffold_7	1335000	1345000	4	-0.334569924115
HiC_scaffold_7	1345000	1355000	5	-0.632450747831
HiC_scaffold_7	1555000	1565000	-5	0.226773035774
HiC_scaffold_7	1565000	1575000	-4	0.231111470058
HiC_scaffold_7	1575000	1585000	-3	0.055124066322
HiC_scaffold_7	1585000	1595000	-2	-0.319239090848
HiC_scaffold_7	1595000	1605000	-1	-0.547800309505
HiC_scaffold_7	1605000	1615000	0	-0.726061551479
HiC_scaffold_7	1615000	1625000	1	-0.667978244266
HiC_scaffold_7	1625000	1635000	2	-0.365775707350
HiC_scaffold_7	1635000	1645000	3	-0.298576997648
HiC_scaffold_7	1645000	1655000	4	0.018179378226
HiC_scaffold_7	1655000	1665000	5	0.003488174736
HiC_scaffold_7	2275000	2285000	-5	0.141054854593
HiC_scaffold_7	2285000	2295000	-4	0.013673508457
HiC_scaffold_7	2295000	2305000	-3	0.034944916837
HiC_scaffold_7	2305000	2315000	-2	0.034036158663
HiC_scaffold_7	2315000	2325000	-1	-0.053594477085
HiC_scaffold_7	2325000	2335000	0	-0.210891133937
HiC_scaffold_7	2335000	2345000	1	-0.000649212677
HiC_scaffold_7	2345000	2355000	2	0.260823943348
HiC_scaffold_7	2355000	2365000	3	0.461211704482
HiC_scaffold_7	2365000	2375000	4	0.500194330038
HiC_scaffold_7	2375000	2385000	5	0.233946936877
HiC_scaffold_7	2535000	2545000	-5	0.128721069268
HiC_scaffold_7	2545000	2555000	-4	0.189051353077
HiC_scaffold_7	2555000	2565000	-3	0.166618557406
HiC_scaffold_7	2565000	2575000	-2	0.013938328042
HiC_scaffold_7	2575000	2585000	-1	-0.024985008516
HiC_scaffold_7	2585000	2595000	0	-0.027666866518
HiC_scaffold_7	2595000	2605000	1	0.102356351825
HiC_scaffold_7	2605000	2615000	2	0.374753853452
HiC_scaffold_7	2615000	2625000	3	0.189192086958
HiC_scaffold_7	2625000	2635000	4	0.142246052293
HiC_scaffold_7	2635000	2645000	5	-0.000805677988
HiC_scaffold_7	3065000	3075000	-5	-0.138884722469
HiC_scaffold_7	3075000	3085000	-4	0.139704501206
HiC_scaffold_7	3085000	3095000	-3	0.108061366389
HiC_scaffold_7	3095000	3105000	-2	-0.265460984188
HiC_scaffold_7	3105000	3115000	-1	-0.352889312151
HiC_scaffold_7	3115000	3125000	0	-0.536462572041
HiC_scaffold_7	3125000	3135000	1	-0.499154560803
HiC_scaffold_7	3135000	3145000	2	-0.265476027512
HiC_scaffold_7	3145000	3155000	3	-0.142443251233
HiC_scaffold_7	3155000	3165000	4	-0.330180379962
HiC_scaffold_7	3165000	3175000	5	-0.480475833245
HiC_scaffold_7	3495000	3505000	-5	0.244814506341
HiC_scaffold_7	3505000	3515000	-4	0.189661017962
HiC_scaffold_7	3515000	3525000	-3	0.150998866585
HiC_scaffold_7	3525000	3535000	-2	-0.133161189191
HiC_scaffold_7	3535000	3545000	-1	-0.283305588559
HiC_scaffold_7	3545000	3555000	0	-0.338214240427
HiC_scaffold_7	3555000	3565000	1	-0.319849023386
HiC_scaffold_7	3565000	3575000	2	-0.164357461012
HiC_scaffold_7	3575000	3585000	3	-0.193262340018
HiC_scaffold_7	3585000	3595000	4	-0.141617684400
HiC_scaffold_7	3595000	3605000	5	-0.209989366082
HiC_scaffold_7	3935000	3945000	-5	-0.104491485976
HiC_scaffold_7	3945000	3955000	-4	0.379861562481
HiC_scaffold_7	3955000	3965000	-3	0.651177206044
HiC_scaffold_7	3965000	3975000	-2	0.596874691874
HiC_scaffold_7	3975000	3985000	-1	0.242823427453
HiC_scaffold_7	3985000	3995000	0	-0.030837218149
HiC_scaffold_7	3995000	4005000	1	0.026008269645
HiC_scaffold_7	4005000	4015000	2	0.092063980657
HiC_scaffold_7	4015000	4025000	3	0.162041881654
HiC_scaffold_7	4025000	4035000	4	0.148360242833
HiC_scaffold_7	4035000	4045000	5	0.046177075619
HiC_scaffold_8	355000	365000	-5	-0.004763410048
HiC_scaffold_8	365000	375000	-4	-0.279685854524
HiC_scaffold_8	375000	385000	-3	-0.410051423978
HiC_scaffold_8	385000	395000	-2	-0.434335090918
HiC_scaffold_8	395000	405000	-1	-0.549386825924
HiC_scaffold_8	405000	415000	0	-0.640970629327
HiC_scaffold_8	415000	425000	1	-0.502622393610
HiC_scaffold_8	425000	435000	2	-0.340666802787
HiC_scaffold_8	435000	445000	3	-0.257141654463
HiC_scaffold_8	445000	455000	4	-0.170808196631
HiC_scaffold_8	455000	465000	5	-0.062298785950
HiC_scaffold_8	1895000	1905000	-5	-0.140850921330
HiC_scaffold_8	1905000	1915000	-4	0.025543610878
HiC_scaffold_8	1915000	1925000	-3	0.051657819947
HiC_scaffold_8	1925000	1935000	-2	0.041283448815
HiC_scaffold_8	1935000	1945000	-1	-0.088283643860
HiC_scaffold_8	1945000	1955000	0	-0.231760043816
HiC_scaffold_8	1955000	1965000	1	-0.192507412841
HiC_scaffold_8	1965000	1975000	2	0.007424377307
HiC_scaffold_8	1975000	1985000	3	0.164276982811
HiC_scaffold_8	1985000	1995000	4	0.291072265378
HiC_scaffold_8	1995000	2005000	5	0.200112790717
HiC_scaffold_8	1975000	1985000	-5	0.164276982811
HiC_scaffold_8	1985000	1995000	-4	0.291072265378
HiC_scaffold_8	1995000	2005000	-3	0.200112790717
HiC_scaffold_8	2005000	2015000	-2	0.021612849170
HiC_scaffold_8	2015000	2025000	-1	-0.147744927341
HiC_scaffold_8	2025000	2035000	0	-0.184508939979
HiC_scaffold_8	2035000	2045000	1	0.000155257321
HiC_scaffold_8	2045000	2055000	2	0.176455515334
HiC_scaffold_8	2055000	2065000	3	0.315714397004
HiC_scaffold_8	2065000	2075000	4	0.358924536908
HiC_scaffold_8	2075000	2085000	5	0.322236216257
HiC_scaffold_8	2445000	2455000	-5	0.182224070436
HiC_scaffold_8	2455000	2465000	-4	0.424260093579
HiC_scaffold_8	2465000	2475000	-3	0.586114926803
HiC_scaffold_8	2475000	2485000	-2	0.442364238810
HiC_scaffold_8	2485000	2495000	-1	0.093906158736
HiC_scaffold_8	2495000	2505000	0	-0.167317541804
HiC_scaffold_8	2505000	2515000	1	-0.122158514763
HiC_scaffold_8	2515000	2525000	2	-0.040882138473
HiC_scaffold_8	2525000	2535000	3	0.035067420397
HiC_scaffold_8	2535000	2545000	4	-0.035845371023
HiC_scaffold_8	2545000	2555000	5	-0.090644356290
HiC_scaffold_8	4065000	4075000	-5	0.529309931124
HiC_scaffold_8	4075000	4085000	-4	0.286670376345
HiC_scaffold_8	4085000	4095000	-3	0.173765041044
HiC_scaffold_8	4095000	4105000	-2	-0.023438588594
HiC_scaffold_8	4105000	4115000	-1	-0.250405432696
HiC_scaffold_8	4115000	4125000	0	-0.397396950565
HiC_scaffold_8	4125000	4135000	1	-0.384146145989
HiC_scaffold_8	4135000	4145000	2	-0.294016197794
HiC_scaffold_8	4145000	4155000	3	-0.186003709610
HiC_scaffold_8	4155000	4165000	4	-0.271351884785
HiC_scaffold_8	4165000	4175000	5	-0.080654879454
HiC_scaffold_9	55000	65000	-5	0.073386974148
HiC_scaffold_9	65000	75000	-4	-0.065696585540
HiC_scaffold_9	75000	85000	-3	-0.099267149537
HiC_scaffold_9	85000	95000	-2	-0.170376572045
HiC_scaffold_9	95000	105000	-1	-0.307663450149
HiC_scaffold_9	105000	115000	0	-0.442172562661
HiC_scaffold_9	115000	125000	1	-0.365177608574
HiC_scaffold_9	125000	135000	2	-0.209941832479
HiC_scaffold_9	135000	145000	3	-0.089144754749
HiC_scaffold_9	145000	155000	4	0.037144310221
HiC_scaffold_9	155000	165000	5	0.024343347976
HiC_scaffold_9	555000	565000	-5	0.005626309195
HiC_scaffold_9	565000	575000	-4	0.105326607590
HiC_scaffold_9	575000	585000	-3	0.189116103753
HiC_scaffold_9	585000	595000	-2	0.172174132044
HiC_scaffold_9	595000	605000	-1	-0.033970889182
HiC_scaffold_9	605000	615000	0	-0.259866180348
HiC_scaffold_9	615000	625000	1	-0.247501263344
HiC_scaffold_9	625000	635000	2	-0.044034665669
HiC_scaffold_9	635000	645000	3	0.103250499927
HiC_scaffold_9	645000	655000	4	0.014239353695
HiC_scaffold_9	655000	665000	5	-0.130605943131
HiC_scaffold_9	735000	745000	-5	0.082553638545
HiC_scaffold_9	745000	755000	-4	0.103121764010
HiC_scaffold_9	755000	765000	-3	0.219797650785
HiC_scaffold_9	765000	775000	-2	0.111356916704
HiC_scaffold_9	775000	785000	-1	-0.091024102542
HiC_scaffold_9	785000	795000	0	-0.204313462057
HiC_scaffold_9	795000	805000	1	-0.055534016491
HiC_scaffold_9	805000	815000	2	0.249713413919
HiC_scaffold_9	815000	825000	3	0.347830705511
HiC_scaffold_9	825000	835000	4	0.457078174164
HiC_scaffold_9	835000	845000	5	0.096023174515
HiC_scaffold_9	1165000	1175000	-5	0.266000693226
HiC_scaffold_9	1175000	1185000	-4	0.272931555354
HiC_scaffold_9	1185000	1195000	-3	0.290697269357
HiC_scaffold_9	1195000	1205000	-2	0.120437084091
HiC_scaffold_9	1205000	1215000	-1	0.047867109542
HiC_scaffold_9	1215000	1225000	0	-0.137097061314
HiC_scaffold_9	1225000	1235000	1	-0.072465832339
HiC_scaffold_9	1235000	1245000	2	0.205494474322
HiC_scaffold_9	1245000	1255000	3	0.359061165172
HiC_scaffold_9	1255000	1265000	4	0.393927871526
HiC_scaffold_9	1265000	1275000	5	0.351721153189
HiC_scaffold_9	1775000	1785000	-5	-0.190689087388
HiC_scaffold_9	1785000	1795000	-4	-0.133076682801
HiC_scaffold_9	1795000	1805000	-3	-0.056877383143
HiC_scaffold_9	1805000	1815000	-2	-0.074478103796
HiC_scaffold_9	1815000	1825000	-1	-0.125796655667
HiC_scaffold_9	1825000	1835000	0	-0.200219717351
HiC_scaffold_9	1835000	1845000	1	-0.097972128882
HiC_scaffold_9	1845000	1855000	2	0.055215155935
HiC_scaffold_9	1855000	1865000	3	0.188085693367
HiC_scaffold_9	1865000	1875000	4	0.167560824405
HiC_scaffold_9	1875000	1885000	5	0.037392432776
HiC_scaffold_9	1925000	1935000	-5	0.174139978839
HiC_scaffold_9	1935000	1945000	-4	0.113657290227
HiC_scaffold_9	1945000	1955000	-3	0.114170680076
HiC_scaffold_9	1955000	1965000	-2	0.053522753661
HiC_scaffold_9	1965000	1975000	-1	-0.169094582253
HiC_scaffold_9	1975000	1985000	0	-0.305398591551
HiC_scaffold_9	1985000	1995000	1	-0.142179036522
HiC_scaffold_9	1995000	2005000	2	-0.013071908973
HiC_scaffold_9	2005000	2015000	3	0.158664803016
HiC_scaffold_9	2015000	2025000	4	0.156929296824
HiC_scaffold_9	2025000	2035000	5	0.070569796620
HiC_scaffold_9	1995000	2005000	-5	-0.013071908973
HiC_scaffold_9	2005000	2015000	-4	0.158664803016
HiC_scaffold_9	2015000	2025000	-3	0.156929296824
HiC_scaffold_9	2025000	2035000	-2	0.070569796620
HiC_scaffold_9	2035000	2045000	-1	-0.036143765986
HiC_scaffold_9	2045000	2055000	0	-0.140684243059
HiC_scaffold_9	2055000	2065000	1	0.025455063396
HiC_scaffold_9	2065000	2075000	2	0.014641503352
HiC_scaffold_9	2075000	2085000	3	-0.074521000744
HiC_scaffold_9	2085000	2095000	4	-0.050913298582
HiC_scaffold_9	2095000	2105000	5	-0.058992515625
HiC_scaffold_9	2315000	2325000	-5	0.281658465031
HiC_scaffold_9	2325000	2335000	-4	0.007847886989
HiC_scaffold_9	2335000	2345000	-3	-0.100848333391
HiC_scaffold_9	2345000	2355000	-2	-0.147883045015
HiC_scaffold_9	2355000	2365000	-1	-0.148971786601
HiC_scaffold_9	2365000	2375000	0	-0.203999084703
HiC_scaffold_9	2375000	2385000	1	-0.110847972373
HiC_scaffold_9	2385000	2395000	2	0.054455714668
HiC_scaffold_9	2395000	2405000	3	0.145442575110
HiC_scaffold_9	2405000	2415000	4	-0.002986558432
HiC_scaffold_9	2415000	2425000	5	-0.077465304474
HiC_scaffold_9	2655000	2665000	-5	-0.538880177262
HiC_scaffold_9	2665000	2675000	-4	-0.565120759815
HiC_scaffold_9	2675000	2685000	-3	-0.565120759815
HiC_scaffold_9	2685000	2695000	-2	-0.797329314467
HiC_scaffold_9	2695000	2705000	-1	-0.768339330052
HiC_scaffold_9	2705000	2715000	0	-0.946854370282
HiC_scaffold_9	2715000	2725000	1	-0.437484356558
HiC_scaffold_9	2725000	2735000	2	0.043835829002
HiC_scaffold_9	2735000	2745000	3	0.132303999390
HiC_scaffold_9	2745000	2755000	4	-0.101159059484
HiC_scaffold_9	2755000	2765000	5	0.016048109027
HiC_scaffold_9	3425000	3435000	-5	0.133700881177
HiC_scaffold_9	3435000	3445000	-4	0.416530682662
HiC_scaffold_9	3445000	3455000	-3	0.701653025128
HiC_scaffold_9	3455000	3465000	-2	0.592351158611
HiC_scaffold_9	3465000	3475000	-1	0.172973662997
HiC_scaffold_9	3475000	3485000	0	0.004485341497
HiC_scaffold_9	3485000	3495000	1	0.100490412884
HiC_scaffold_9	3495000	3505000	2	0.304082705973
HiC_scaffold_9	3505000	3515000	3	0.450276779512
HiC_scaffold_9	3515000	3525000	4	0.469120670207
HiC_scaffold_9	3525000	3535000	5	0.279228185586
HiC_scaffold_9	3625000	3635000	-5	-0.127558558448
HiC_scaffold_9	3635000	3645000	-4	-0.032230384823
HiC_scaffold_9	3645000	3655000	-3	0.144304023733
HiC_scaffold_9	3655000	3665000	-2	-0.045399868549
HiC_scaffold_9	3665000	3675000	-1	-0.334303351139
HiC_scaffold_9	3675000	3685000	0	-0.423617536425
HiC_scaffold_9	3685000	3695000	1	-0.141468715374
HiC_scaffold_9	3695000	3705000	2	0.131077762666
HiC_scaffold_9	3705000	3715000	3	0.253712091414
HiC_scaffold_9	3715000	3725000	4	0.292061477883
HiC_scaffold_9	3725000	3735000	5	0.253712669597
HiC_scaffold_9	4035000	4045000	-5	-0.184009587538
HiC_scaffold_9	4045000	4055000	-4	-0.113408095306
HiC_scaffold_9	4055000	4065000	-3	-0.129348303129
HiC_scaffold_9	4065000	4075000	-2	-0.323642374218
HiC_scaffold_9	4075000	4085000	-1	-0.413126277557
HiC_scaffold_9	4085000	4095000	0	-0.558580358641
HiC_scaffold_9	4095000	4105000	1	-0.299565159257
HiC_scaffold_9	4105000	4115000	2	0.050067092706
HiC_scaffold_9	4115000	4125000	3	-0.137389867661
HiC_scaffold_9	4125000	4135000	4	-0.515079046172
HiC_scaffold_9	4135000	4145000	5	-0.566391075056
HiC_scaffold_10	235000	245000	-5	-0.243327903543
HiC_scaffold_10	245000	255000	-4	-0.226550219091
HiC_scaffold_10	255000	265000	-3	-0.164498622872
HiC_scaffold_10	265000	275000	-2	-0.223384894978
HiC_scaffold_10	275000	285000	-1	-0.543611508573
HiC_scaffold_10	285000	295000	0	-0.768464396205
HiC_scaffold_10	295000	305000	1	-0.414318438794
HiC_scaffold_10	305000	315000	2	-0.182463760678
HiC_scaffold_10	315000	325000	3	-0.287151878062
HiC_scaffold_10	325000	335000	4	-0.393747079523
HiC_scaffold_10	335000	345000	5	-0.128090059984
HiC_scaffold_10	1095000	1105000	-5	-0.477573418766
HiC_scaffold_10	1105000	1115000	-4	-0.208984202562
HiC_scaffold_10	1115000	1125000	-3	-0.104072287420
HiC_scaffold_10	1125000	1135000	-2	-0.103711486096
HiC_scaffold_10	1135000	1145000	-1	-0.331137745106
HiC_scaffold_10	1145000	1155000	0	-0.811169777190
HiC_scaffold_10	1155000	1165000	1	-0.691949672511
HiC_scaffold_10	1165000	1175000	2	-0.547672631762
HiC_scaffold_10	1175000	1185000	3	-0.293071252046
HiC_scaffold_10	1185000	1195000	4	-0.207833778307
HiC_scaffold_10	1195000	1205000	5	-0.077038543763
HiC_scaffold_10	1785000	1795000	-5	0.406519014114
HiC_scaffold_10	1795000	1805000	-4	0.571150389974
HiC_scaffold_10	1805000	1815000	-3	0.364413388498
HiC_scaffold_10	1815000	1825000	-2	-0.054374762312
HiC_scaffold_10	1825000	1835000	-1	-0.387520373176
HiC_scaffold_10	1835000	1845000	0	-0.722810327768
HiC_scaffold_10	1845000	1855000	1	-0.484830525241
HiC_scaffold_10	1855000	1865000	2	-0.383175933348
HiC_scaffold_10	1865000	1875000	3	-0.133689688220
HiC_scaffold_10	1875000	1885000	4	0.126080814219
HiC_scaffold_10	1885000	1895000	5	0.298754874955
HiC_scaffold_10	1885000	1895000	-5	0.298754874955
HiC_scaffold_10	1895000	1905000	-4	0.422635879818
HiC_scaffold_10	1905000	1915000	-3	0.272403830695
HiC_scaffold_10	1915000	1925000	-2	-0.001160596454
HiC_scaffold_10	1925000	1935000	-1	-0.200641685674
HiC_scaffold_10	1935000	1945000	0	-0.274576511659
HiC_scaffold_10	1945000	1955000	1	-0.185140142347
HiC_scaffold_10	1955000	1965000	2	0.024490510366
HiC_scaffold_10	1965000	1975000	3	0.073065388328
HiC_scaffold_10	1975000	1985000	4	-0.057483108671
HiC_scaffold_10	1985000	1995000	5	-0.066548712570
HiC_scaffold_10	1985000	1995000	-5	-0.066548712570
HiC_scaffold_10	1995000	2005000	-4	0.150034887937
HiC_scaffold_10	2005000	2015000	-3	0.451706666219
HiC_scaffold_10	2015000	2025000	-2	0.166874273720
HiC_scaffold_10	2025000	2035000	-1	-0.295177580512
HiC_scaffold_10	2035000	2045000	0	-0.537371401247
HiC_scaffold_10	2045000	2055000	1	-0.442126966891
HiC_scaffold_10	2055000	2065000	2	-0.532210158612
HiC_scaffold_10	2065000	2075000	3	-0.293432009593
HiC_scaffold_10	2075000	2085000	4	0.008399088092
HiC_scaffold_10	2085000	2095000	5	0.347484831283
HiC_scaffold_10	2085000	2095000	-5	0.347484831283
HiC_scaffold_10	2095000	2105000	-4	0.435019485643
HiC_scaffold_10	2105000	2115000	-3	0.417021252216
HiC_scaffold_10	2115000	2125000	-2	0.146679485067
HiC_scaffold_10	2125000	2135000	-1	0.048024677290
HiC_scaffold_10	2135000	2145000	0	-0.226246052803
HiC_scaffold_10	2145000	2155000	1	0.047097748276
HiC_scaffold_10	2155000	2165000	2	0.379922056705
HiC_scaffold_10	2165000	2175000	3	0.249709179954
HiC_scaffold_10	2175000	2185000	4	0.155253541570
HiC_scaffold_10	2185000	2195000	5	0.113106751437
HiC_scaffold_10	2325000	2335000	-5	0.184424495942
HiC_scaffold_10	2335000	2345000	-4	0.102891159345
HiC_scaffold_10	2345000	2355000	-3	0.291133942869
HiC_scaffold_10	2355000	2365000	-2	0.169666916540
HiC_scaffold_10	2365000	2375000	-1	-0.171857999339
HiC_scaffold_10	2375000	2385000	0	-0.431110155788
HiC_scaffold_10	2385000	2395000	1	-0.370520854956
HiC_scaffold_10	2395000	2405000	2	-0.018690420903
HiC_scaffold_10	2405000	2415000	3	0.075653801700
HiC_scaffold_10	2415000	2425000	4	0.083392010537
HiC_scaffold_10	2425000	2435000	5	-0.046399289977
HiC_scaffold_10	3185000	3195000	-5	-0.082632837542
HiC_scaffold_10	3195000	3205000	-4	-0.280160122240
HiC_scaffold_10	3205000	3215000	-3	-0.335721883093
HiC_scaffold_10	3215000	3225000	-2	-0.344514465526
HiC_scaffold_10	3225000	3235000	-1	-0.385471491038
HiC_scaffold_10	3235000	3245000	0	-0.489609538505
HiC_scaffold_10	3245000	3255000	1	-0.464236822289
HiC_scaffold_10	3255000	3265000	2	-0.233475936957
HiC_scaffold_10	3265000	3275000	3	-0.056765007702
HiC_scaffold_10	3275000	3285000	4	-0.003656076601
HiC_scaffold_10	3285000	3295000	5	0.085666344979
HiC_scaffold_10	3305000	3315000	-5	0.450895798972
HiC_scaffold_10	3315000	3325000	-4	0.394005776840
HiC_scaffold_10	3325000	3335000	-3	0.393261709419
HiC_scaffold_10	3335000	3345000	-2	0.181356577188
HiC_scaffold_10	3345000	3355000	-1	-0.054809577555
HiC_scaffold_10	3355000	3365000	0	-0.259565569287
HiC_scaffold_10	3365000	3375000	1	0.029005955647
HiC_scaffold_10	3375000	3385000	2	0.230252348392
HiC_scaffold_10	3385000	3395000	3	0.241312676443
HiC_scaffold_10	3395000	3405000	4	0.109956057083
HiC_scaffold_10	3405000	3415000	5	0.218025430529
HiC_scaffold_10	3585000	3595000	-5	1.472989454463
HiC_scaffold_10	3595000	3605000	-4	1.301497826448
HiC_scaffold_10	3605000	3615000	-3	0.722066887175
HiC_scaffold_10	3615000	3625000	-2	0.128517048253
HiC_scaffold_10	3625000	3635000	-1	-0.272307721097
HiC_scaffold_10	3635000	3645000	0	-0.562489121012
HiC_scaffold_10	3645000	3655000	1	-0.360336216519
HiC_scaffold_10	3655000	3665000	2	-0.041734128013
HiC_scaffold_10	3665000	3675000	3	0.085991726881
HiC_scaffold_10	3675000	3685000	4	0.292273455861
HiC_scaffold_10	3685000	3695000	5	0.369596895807
HiC_scaffold_11	215000	225000	-5	0.158483542446
HiC_scaffold_11	225000	235000	-4	0.235284093727
HiC_scaffold_11	235000	245000	-3	0.237056655414
HiC_scaffold_11	245000	255000	-2	0.190946594052
HiC_scaffold_11	255000	265000	-1	-0.007427228055
HiC_scaffold_11	265000	275000	0	-0.265943549602
HiC_scaffold_11	275000	285000	1	-0.174446346149
HiC_scaffold_11	285000	295000	2	-0.011477933000
HiC_scaffold_11	295000	305000	3	0.252001270425
HiC_scaffold_11	305000	315000	4	0.495644044857
HiC_scaffold_11	315000	325000	5	0.639132319343
HiC_scaffold_11	755000	765000	-5	0.008881472130
HiC_scaffold_11	765000	775000	-4	0.020875306681
HiC_scaffold_11	775000	785000	-3	0.231715716428
HiC_scaffold_11	785000	795000	-2	-0.004030802137
HiC_scaffold_11	795000	805000	-1	-0.116773574219
HiC_scaffold_11	805000	815000	0	-0.380863135255
HiC_scaffold_11	815000	825000	1	-0.343467375772
HiC_scaffold_11	825000	835000	2	-0.080684678216
HiC_scaffold_11	835000	845000	3	0.156864169501
HiC_scaffold_11	845000	855000	4	0.502059371920
HiC_scaffold_11	855000	865000	5	0.714875044093
HiC_scaffold_11	875000	885000	-5	0.371207978523
HiC_scaffold_11	885000	895000	-4	0.293797486353
HiC_scaffold_11	895000	905000	-3	0.460647877432
HiC_scaffold_11	905000	915000	-2	0.376784947329
HiC_scaffold_11	915000	925000	-1	0.214851744266
HiC_scaffold_11	925000	935000	0	-0.004655531497
HiC_scaffold_11	935000	945000	1	0.066228956055
HiC_scaffold_11	945000	955000	2	0.322600374866
HiC_scaffold_11	955000	965000	3	0.398980516413
HiC_scaffold_11	965000	975000	4	0.426459386073
HiC_scaffold_11	975000	985000	5	0.381740218841
HiC_scaffold_11	1525000	1535000	-5	0.038290708955
HiC_scaffold_11	1535000	1545000	-4	0.303189002819
HiC_scaffold_11	1545000	1555000	-3	0.294568499867
HiC_scaffold_11	1555000	1565000	-2	0.120013630580
HiC_scaffold_11	1565000	1575000	-1	-0.180121690627
HiC_scaffold_11	1575000	1585000	0	-0.230449800497
HiC_scaffold_11	1585000	1595000	1	0.013512868255
HiC_scaffold_11	1595000	1605000	2	0.293434294240
HiC_scaffold_11	1605000	1615000	3	0.193365161562
HiC_scaffold_11	1615000	1625000	4	-0.015261258772
HiC_scaffold_11	1625000	1635000	5	-0.185275822834
HiC_scaffold_11	1585000	1595000	-5	0.013512868255
HiC_scaffold_11	1595000	1605000	-4	0.293434294240
HiC_scaffold_11	1605000	1615000	-3	0.193365161562
HiC_scaffold_11	1615000	1625000	-2	-0.015261258772
HiC_scaffold_11	1625000	1635000	-1	-0.185275822834
HiC_scaffold_11	1635000	1645000	0	-0.271578755926
HiC_scaffold_11	1645000	1655000	1	-0.248647874156
HiC_scaffold_11	1655000	1665000	2	-0.092947480565
HiC_scaffold_11	1665000	1675000	3	0.191872080353
HiC_scaffold_11	1675000	1685000	4	0.152765158692
HiC_scaffold_11	1685000	1695000	5	0.183380583611
HiC_scaffold_11	1975000	1985000	-5	-0.019000746786
HiC_scaffold_11	1985000	1995000	-4	-0.063159340253
HiC_scaffold_11	1995000	2005000	-3	-0.222133034663
HiC_scaffold_11	2005000	2015000	-2	-0.186562055334
HiC_scaffold_11	2015000	2025000	-1	-0.298306653684
HiC_scaffold_11	2025000	2035000	0	-0.478005342484
HiC_scaffold_11	2035000	2045000	1	-0.446999419810
HiC_scaffold_11	2045000	2055000	2	-0.344300043822
HiC_scaffold_11	2055000	2065000	3	-0.214830041747
HiC_scaffold_11	2065000	2075000	4	-0.177096947051
HiC_scaffold_11	2075000	2085000	5	-0.156476686856
HiC_scaffold_11	2105000	2115000	-5	0.131048127344
HiC_scaffold_11	2115000	2125000	-4	0.309821108171
HiC_scaffold_11	2125000	2135000	-3	0.318263352404
HiC_scaffold_11	2135000	2145000	-2	0.110590374473
HiC_scaffold_11	2145000	2155000	-1	-0.019651488603
HiC_scaffold_11	2155000	2165000	0	-0.186068269528
HiC_scaffold_11	2165000	2175000	1	-0.131830120169
HiC_scaffold_11	2175000	2185000	2	-0.009867584466
HiC_scaffold_11	2185000	2195000	3	-0.070321602222
HiC_scaffold_11	2195000	2205000	4	-0.067653749105
HiC_scaffold_11	2205000	2215000	5	-0.113869921509
HiC_scaffold_11	2215000	2225000	-5	0.034921744902
HiC_scaffold_11	2225000	2235000	-4	0.135182169057
HiC_scaffold_11	2235000	2245000	-3	0.129767966589
HiC_scaffold_11	2245000	2255000	-2	-0.080931404626
HiC_scaffold_11	2255000	2265000	-1	-0.375770557374
HiC_scaffold_11	2265000	2275000	0	-0.467353196802
HiC_scaffold_11	2275000	2285000	1	-0.350463943271
HiC_scaffold_11	2285000	2295000	2	-0.090071186082
HiC_scaffold_11	2295000	2305000	3	0.088571277180
HiC_scaffold_11	2305000	2315000	4	0.167188231122
HiC_scaffold_11	2315000	2325000	5	0.158851837570
HiC_scaffold_11	2635000	2645000	-5	-0.089900818034
HiC_scaffold_11	2645000	2655000	-4	-0.138258231271
HiC_scaffold_11	2655000	2665000	-3	-0.198922917443
HiC_scaffold_11	2665000	2675000	-2	-0.326048654541
HiC_scaffold_11	2675000	2685000	-1	-0.387430800458
HiC_scaffold_11	2685000	2695000	0	-0.451428495436
HiC_scaffold_11	2695000	2705000	1	-0.295800644228
HiC_scaffold_11	2705000	2715000	2	-0.118885464550
HiC_scaffold_11	2715000	2725000	3	0.240016379790
HiC_scaffold_11	2725000	2735000	4	0.581379144195
HiC_scaffold_11	2735000	2745000	5	0.558729042859
HiC_scaffold_11	3115000	3125000	-5	0.103272683611
HiC_scaffold_11	3125000	3135000	-4	0.052568276909
HiC_scaffold_11	3135000	3145000	-3	-0.078131926593
HiC_scaffold_11	3145000	3155000	-2	-0.260332500737
HiC_scaffold_11	3155000	3165000	-1	-0.427067743394
HiC_scaffold_11	3165000	3175000	0	-0.474210724497
HiC_scaffold_11	3175000	3185000	1	-0.179068750180
HiC_scaffold_11	3185000	3195000	2	0.192262825842
HiC_scaffold_11	3195000	3205000	3	0.379360373621
HiC_scaffold_11	3205000	3215000	4	0.124294755651
HiC_scaffold_11	3215000	3225000	5	-0.074339327306
HiC_scaffold_11	3265000	3275000	-5	-0.310014417061
HiC_scaffold_11	3275000	3285000	-4	-0.186470824335
HiC_scaffold_11	3285000	3295000	-3	-0.030884713559
HiC_scaffold_11	3295000	3305000	-2	-0.095917169655
HiC_scaffold_11	3305000	3315000	-1	-0.355151705584
HiC_scaffold_11	3315000	3325000	0	-0.449148535817
HiC_scaffold_11	3325000	3335000	1	-0.413009260385
HiC_scaffold_11	3335000	3345000	2	-0.316354155531
HiC_scaffold_11	3345000	3355000	3	-0.173852966062
HiC_scaffold_11	3355000	3365000	4	-0.037836126147
HiC_scaffold_11	3365000	3375000	5	0.059601234581
HiC_scaffold_11	3415000	3425000	-5	0.028603916204
HiC_scaffold_11	3425000	3435000	-4	-0.052181521559
HiC_scaffold_11	3435000	3445000	-3	-0.259117353372
HiC_scaffold_11	3445000	3455000	-2	-0.433132754578
HiC_scaffold_11	3455000	3465000	-1	-0.573189071767
HiC_scaffold_11	3465000	3475000	0	-0.575119188953
HiC_scaffold_11	3475000	3485000	1	-0.503701401605
HiC_scaffold_11	3485000	3495000	2	-0.286024841240
HiC_scaffold_11	3495000	3505000	3	0.108259564025
HiC_scaffold_11	3505000	3515000	4	0.390516091431
HiC_scaffold_11	3515000	3525000	5	0.534326737029
HiC_scaffold_11	3565000	3575000	-5	0.418286696068
HiC_scaffold_11	3575000	3585000	-4	-0.096975569532
HiC_scaffold_11	3585000	3595000	-3	-0.237890553724
HiC_scaffold_11	3595000	3605000	-2	-0.514879832252
HiC_scaffold_11	3605000	3615000	-1	-0.600219056485
HiC_scaffold_11	3615000	3625000	0	-0.608388542844
HiC_scaffold_11	3625000	3635000	1	-0.408796808653
HiC_scaffold_11	3635000	3645000	2	-0.189719157350
HiC_scaffold_11	3645000	3655000	3	-0.105302516191
HiC_scaffold_11	3655000	3665000	4	-0.137066245066
HiC_scaffold_11	3665000	3675000	5	0.008654931118
HiC_scaffold_12	435000	445000	-5	-0.277565288583
HiC_scaffold_12	445000	455000	-4	-0.139753762674
HiC_scaffold_12	455000	465000	-3	-0.310462284880
HiC_scaffold_12	465000	475000	-2	-0.655484875588
HiC_scaffold_12	475000	485000	-1	-0.942722716508
HiC_scaffold_12	485000	495000	0	-1.142325819093
HiC_scaffold_12	495000	505000	1	-1.127398326778
HiC_scaffold_12	505000	515000	2	-0.204533409197
HiC_scaffold_12	515000	525000	3	0.122952964663
HiC_scaffold_12	525000	535000	4	-1.085160149866
HiC_scaffold_12	535000	545000	5	-1.085160149866
HiC_scaffold_12	895000	905000	-5	-0.215548055926
HiC_scaffold_12	905000	915000	-4	-0.367523273694
HiC_scaffold_12	915000	925000	-3	-0.478117615522
HiC_scaffold_12	925000	935000	-2	-0.403661203810
HiC_scaffold_12	935000	945000	-1	-0.541753762959
HiC_scaffold_12	945000	955000	0	-0.588375422904
HiC_scaffold_12	955000	965000	1	-0.407100881640
HiC_scaffold_12	965000	975000	2	-0.163889835485
HiC_scaffold_12	975000	985000	3	0.116748941131
HiC_scaffold_12	985000	995000	4	0.413240003079
HiC_scaffold_12	995000	1005000	5	0.557695922803
HiC_scaffold_12	1235000	1245000	-5	0.183503764054
HiC_scaffold_12	1245000	1255000	-4	0.134553337024
HiC_scaffold_12	1255000	1265000	-3	0.123981131209
HiC_scaffold_12	1265000	1275000	-2	0.231895819675
HiC_scaffold_12	1275000	1285000	-1	0.157357251804
HiC_scaffold_12	1285000	1295000	0	0.051090838244
HiC_scaffold_12	1295000	1305000	1	0.159708595802
HiC_scaffold_12	1305000	1315000	2	0.458865586098
HiC_scaffold_12	1315000	1325000	3	0.619399756424
HiC_scaffold_12	1325000	1335000	4	0.446022348499
HiC_scaffold_12	1335000	1345000	5	-0.076504737904
HiC_scaffold_12	1295000	1305000	-5	0.159708595802
HiC_scaffold_12	1305000	1315000	-4	0.458865586098
HiC_scaffold_12	1315000	1325000	-3	0.619399756424
HiC_scaffold_12	1325000	1335000	-2	0.446022348499
HiC_scaffold_12	1335000	1345000	-1	-0.076504737904
HiC_scaffold_12	1345000	1355000	0	-0.229276689232
HiC_scaffold_12	1355000	1365000	1	-0.130336322501
HiC_scaffold_12	1365000	1375000	2	0.021991840637
HiC_scaffold_12	1375000	1385000	3	0.155967580323
HiC_scaffold_12	1385000	1395000	4	0.173369972212
HiC_scaffold_12	1395000	1405000	5	0.120653543710
HiC_scaffold_12	2195000	2205000	-5	-0.279607109724
HiC_scaffold_12	2205000	2215000	-4	-0.433989115928
HiC_scaffold_12	2215000	2225000	-3	-0.438393019435
HiC_scaffold_12	2225000	2235000	-2	-0.497581092791
HiC_scaffold_12	2235000	2245000	-1	-0.413008704052
HiC_scaffold_12	2245000	2255000	0	-0.502670066518
HiC_scaffold_12	2255000	2265000	1	-0.008759850262
HiC_scaffold_12	2265000	2275000	2	-0.008759850262
HiC_scaffold_12	2275000	2285000	3	-0.065824642905
HiC_scaffold_12	2285000	2295000	4	-0.309621851080
HiC_scaffold_12	2295000	2305000	5	-0.304187310196
HiC_scaffold_12	3035000	3045000	-5	0.122101883033
HiC_scaffold_12	3045000	3055000	-4	0.175092179846
HiC_scaffold_12	3055000	3065000	-3	0.221115702188
HiC_scaffold_12	3065000	3075000	-2	-0.034454945328
HiC_scaffold_12	3075000	3085000	-1	-0.296524069719
HiC_scaffold_12	3085000	3095000	0	-0.374323009920
HiC_scaffold_12	3095000	3105000	1	-0.322122105444
HiC_scaffold_12	3105000	3115000	2	0.169780227711
HiC_scaffold_12	3115000	3125000	3	0.241975205272
HiC_scaffold_12	3125000	3135000	4	0.017779318323
HiC_scaffold_12	3135000	3145000	5	-0.093464644727
HiC_scaffold_12	3565000	3575000	-5	0.403455965812
HiC_scaffold_12	3575000	3585000	-4	0.187379898626
HiC_scaffold_12	3585000	3595000	-3	0.264615744207
HiC_scaffold_12	3595000	3605000	-2	0.323990537649
HiC_scaffold_12	3605000	3615000	-1	0.192048832856
HiC_scaffold_12	3615000	3625000	0	0.035089458887
HiC_scaffold_12	3625000	3635000	1	0.206509878478
HiC_scaffold_12	3635000	3645000	2	0.273712723974
HiC_scaffold_12	3645000	3655000	3	0.344551643634
HiC_scaffold_12	3655000	3665000	4	0.459805131882
HiC_scaffold_12	3665000	3675000	5	0.559380848287
HiC_scaffold_12	3715000	3725000	-5	0.155929734900
HiC_scaffold_12	3725000	3735000	-4	0.314815368193
HiC_scaffold_12	3735000	3745000	-3	0.318853050112
HiC_scaffold_12	3745000	3755000	-2	0.135089460862
HiC_scaffold_12	3755000	3765000	-1	-0.073039664577
HiC_scaffold_12	3765000	3775000	0	-0.291034302941
HiC_scaffold_12	3775000	3785000	1	-0.243385785615
HiC_scaffold_12	3785000	3795000	2	-0.095770087450
HiC_scaffold_12	3795000	3805000	3	-0.166528836638
HiC_scaffold_12	3805000	3815000	4	-0.178131968418
HiC_scaffold_12	3815000	3825000	5	-0.138435995310
HiC_scaffold_12	3785000	3795000	-5	-0.095770087450
HiC_scaffold_12	3795000	3805000	-4	-0.166528836638
HiC_scaffold_12	3805000	3815000	-3	-0.178131968418
HiC_scaffold_12	3815000	3825000	-2	-0.138435995310
HiC_scaffold_12	3825000	3835000	-1	-0.161649633426
HiC_scaffold_12	3835000	3845000	0	-0.203476362900
HiC_scaffold_12	3845000	3855000	1	0.014872181163
HiC_scaffold_12	3855000	3865000	2	0.181210132909
HiC_scaffold_12	3865000	3875000	3	0.318776957679
HiC_scaffold_12	3875000	3885000	4	0.246891174819
HiC_scaffold_12	3885000	3895000	5	0.307541233409
HiC_scaffold_13	275000	285000	-5	-0.188100228803
HiC_scaffold_13	285000	295000	-4	0.013637463610
HiC_scaffold_13	295000	305000	-3	0.498456255664
HiC_scaffold_13	305000	315000	-2	0.945541614072
HiC_scaffold_13	315000	325000	-1	0.447417150249
HiC_scaffold_13	325000	335000	0	-0.155030031196
HiC_scaffold_13	335000	345000	1	-0.089185753223
HiC_scaffold_13	345000	355000	2	0.162669988236
HiC_scaffold_13	355000	365000	3	0.389003950500
HiC_scaffold_13	365000	375000	4	0.471684639214
HiC_scaffold_13	375000	385000	5	0.403631734263
HiC_scaffold_13	445000	455000	-5	0.378710337617
HiC_scaffold_13	455000	465000	-4	0.475872673312
HiC_scaffold_13	465000	475000	-3	0.592805240904
HiC_scaffold_13	475000	485000	-2	0.392189072067
HiC_scaffold_13	485000	495000	-1	0.110371161325
HiC_scaffold_13	495000	505000	0	-0.014938097497
HiC_scaffold_13	505000	515000	1	0.170181962632
HiC_scaffold_13	515000	525000	2	0.195496477499
HiC_scaffold_13	525000	535000	3	0.107815162817
HiC_scaffold_13	535000	545000	4	0.166571609230
HiC_scaffold_13	545000	555000	5	0.306876932464
HiC_scaffold_13	1015000	1025000	-5	0.318353145571
HiC_scaffold_13	1025000	1035000	-4	0.218189912126
HiC_scaffold_13	1035000	1045000	-3	0.274175955487
HiC_scaffold_13	1045000	1055000	-2	0.255945064636
HiC_scaffold_13	1055000	1065000	-1	0.094471809634
HiC_scaffold_13	1065000	1075000	0	-0.251080653528
HiC_scaffold_13	1075000	1085000	1	-0.187819570329
HiC_scaffold_13	1085000	1095000	2	-0.042512231490
HiC_scaffold_13	1095000	1105000	3	0.069260147338
HiC_scaffold_13	1105000	1115000	4	0.128450596855
HiC_scaffold_13	1115000	1125000	5	0.151734013707
HiC_scaffold_13	1155000	1165000	-5	0.430850735658
HiC_scaffold_13	1165000	1175000	-4	1.049036553451
HiC_scaffold_13	1175000	1185000	-3	1.286159455917
HiC_scaffold_13	1185000	1195000	-2	1.016557928330
HiC_scaffold_13	1195000	1205000	-1	0.416284653819
HiC_scaffold_13	1205000	1215000	0	0.205632338866
HiC_scaffold_13	1215000	1225000	1	0.510094860151
HiC_scaffold_13	1225000	1235000	2	0.733096370047
HiC_scaffold_13	1235000	1245000	3	0.703723851684
HiC_scaffold_13	1245000	1255000	4	0.295307488432
HiC_scaffold_13	1255000	1265000	5	0.134213838916
HiC_scaffold_13	1595000	1605000	-5	-0.081796307706
HiC_scaffold_13	1605000	1615000	-4	-0.426696362005
HiC_scaffold_13	1615000	1625000	-3	-0.499581321057
HiC_scaffold_13	1625000	1635000	-2	-0.471192163893
HiC_scaffold_13	1635000	1645000	-1	-0.521391817414
HiC_scaffold_13	1645000	1655000	0	-0.678419773701
HiC_scaffold_13	1655000	1665000	1	-0.473568028233
HiC_scaffold_13	1665000	1675000	2	-0.101762751854
HiC_scaffold_13	1675000	1685000	3	0.209776491787
HiC_scaffold_13	1685000	1695000	4	0.458559020429
HiC_scaffold_13	1695000	1705000	5	0.568120971051
HiC_scaffold_13	2145000	2155000	-5	0.516880515319
HiC_scaffold_13	2155000	2165000	-4	0.383949122066
HiC_scaffold_13	2165000	2175000	-3	0.176306746162
HiC_scaffold_13	2175000	2185000	-2	0.141684449562
HiC_scaffold_13	2185000	2195000	-1	-0.265528031564
HiC_scaffold_13	2195000	2205000	0	-0.672281003810
HiC_scaffold_13	2205000	2215000	1	-0.658718568418
HiC_scaffold_13	2215000	2225000	2	-0.518932774654
HiC_scaffold_13	2225000	2235000	3	-0.177119563834
HiC_scaffold_13	2235000	2245000	4	-0.043378862851
HiC_scaffold_13	2245000	2255000	5	-0.218769164052
HiC_scaffold_13	2825000	2835000	-5	0.308702230345
HiC_scaffold_13	2835000	2845000	-4	0.311765160882
HiC_scaffold_13	2845000	2855000	-3	0.211161051341
HiC_scaffold_13	2855000	2865000	-2	-0.168486987253
HiC_scaffold_13	2865000	2875000	-1	-0.493166535875
HiC_scaffold_13	2875000	2885000	0	-0.730276080117
HiC_scaffold_13	2885000	2895000	1	-0.650628666458
HiC_scaffold_13	2895000	2905000	2	-0.484329816088
HiC_scaffold_13	2905000	2915000	3	-0.462909395907
HiC_scaffold_13	2915000	2925000	4	-0.308248451492
HiC_scaffold_13	2925000	2935000	5	-0.181251680441
HiC_scaffold_13	3295000	3305000	-5	-0.373656356227
HiC_scaffold_13	3305000	3315000	-4	-0.421464777964
HiC_scaffold_13	3315000	3325000	-3	-0.302353891245
HiC_scaffold_13	3325000	3335000	-2	-0.315870164996
HiC_scaffold_13	3335000	3345000	-1	-0.435198890146
HiC_scaffold_13	3345000	3355000	0	-0.668860744506
HiC_scaffold_13	3355000	3365000	1	-0.479273861310
HiC_scaffold_13	3365000	3375000	2	-0.290058547711
HiC_scaffold_13	3375000	3385000	3	0.068175580590
HiC_scaffold_13	3385000	3395000	4	0.111787703990
HiC_scaffold_13	3395000	3405000	5	0.359966489300
HiC_scaffold_13	3665000	3675000	-5	0.218725006760
HiC_scaffold_13	3675000	3685000	-4	0.259908963281
HiC_scaffold_13	3685000	3695000	-3	0.343666388893
HiC_scaffold_13	3695000	3705000	-2	0.267928442242
HiC_scaffold_13	3705000	3715000	-1	-0.038626514657
HiC_scaffold_13	3715000	3725000	0	-0.332071255852
HiC_scaffold_13	3725000	3735000	1	-0.323029142286
HiC_scaffold_13	3735000	3745000	2	0.049416374700
HiC_scaffold_13	3745000	3755000	3	0.202949726120
HiC_scaffold_13	3755000	3765000	4	0.202393201448
HiC_scaffold_13	3765000	3775000	5	-0.089409887987
HiC_scaffold_14	905000	915000	-5	0.275019095581
HiC_scaffold_14	915000	925000	-4	0.171900765357
HiC_scaffold_14	925000	935000	-3	-0.111618515417
HiC_scaffold_14	935000	945000	-2	-0.132054112488
HiC_scaffold_14	945000	955000	-1	-0.198739079881
HiC_scaffold_14	955000	965000	0	-0.518787077537
HiC_scaffold_14	965000	975000	1	-0.361474162086
HiC_scaffold_14	975000	985000	2	-0.126947750254
HiC_scaffold_14	985000	995000	3	0.112613467129
HiC_scaffold_14	995000	1005000	4	-0.086376744500
HiC_scaffold_14	1005000	1015000	5	-0.001255715662
HiC_scaffold_14	1075000	1085000	-5	-0.448637359528
HiC_scaffold_14	1085000	1095000	-4	-0.628174186923
HiC_scaffold_14	1095000	1105000	-3	-0.641040820991
HiC_scaffold_14	1105000	1115000	-2	-0.497455400480
HiC_scaffold_14	1115000	1125000	-1	-0.605636306854
HiC_scaffold_14	1125000	1135000	0	-0.807954074567
HiC_scaffold_14	1135000	1145000	1	-0.644597145341
HiC_scaffold_14	1145000	1155000	2	-0.249774767591
HiC_scaffold_14	1155000	1165000	3	0.025965062610
HiC_scaffold_14	1165000	1175000	4	0.411350867661
HiC_scaffold_14	1175000	1185000	5	0.468053584933
HiC_scaffold_14	1155000	1165000	-5	0.025965062610
HiC_scaffold_14	1165000	1175000	-4	0.411350867661
HiC_scaffold_14	1175000	1185000	-3	0.468053584933
HiC_scaffold_14	1185000	1195000	-2	0.089719228137
HiC_scaffold_14	1195000	1205000	-1	-0.291806672008
HiC_scaffold_14	1205000	1215000	0	-0.349679291929
HiC_scaffold_14	1215000	1225000	1	0.031300293191
HiC_scaffold_14	1225000	1235000	2	0.282501711469
HiC_scaffold_14	1235000	1245000	3	0.401409871864
HiC_scaffold_14	1245000	1255000	4	0.573877011467
HiC_scaffold_14	1255000	1265000	5	0.694299992933
HiC_scaffold_14	1485000	1495000	-5	-0.260033611097
HiC_scaffold_14	1495000	1505000	-4	-0.025390497047
HiC_scaffold_14	1505000	1515000	-3	-0.101602676251
HiC_scaffold_14	1515000	1525000	-2	-0.397431664437
HiC_scaffold_14	1525000	1535000	-1	-0.598761539615
HiC_scaffold_14	1535000	1545000	0	-0.777032543475
HiC_scaffold_14	1545000	1555000	1	-0.417506222444
HiC_scaffold_14	1555000	1565000	2	-0.248426108408
HiC_scaffold_14	1565000	1575000	3	-0.625688677455
HiC_scaffold_14	1575000	1585000	4	-0.684916093394
HiC_scaffold_14	1585000	1595000	5	-0.427797610319
HiC_scaffold_14	1805000	1815000	-5	-0.018854553293
HiC_scaffold_14	1815000	1825000	-4	0.135642646612
HiC_scaffold_14	1825000	1835000	-3	0.042606987969
HiC_scaffold_14	1835000	1845000	-2	0.011955041865
HiC_scaffold_14	1845000	1855000	-1	-0.449478483166
HiC_scaffold_14	1855000	1865000	0	-0.735214617602
HiC_scaffold_14	1865000	1875000	1	-0.671224714942
HiC_scaffold_14	1875000	1885000	2	-0.364160723994
HiC_scaffold_14	1885000	1895000	3	-0.037577728452
HiC_scaffold_14	1895000	1905000	4	0.311075971279
HiC_scaffold_14	1905000	1915000	5	0.597380862296
HiC_scaffold_14	2035000	2045000	-5	0.081406565934
HiC_scaffold_14	2045000	2055000	-4	0.157292038657
HiC_scaffold_14	2055000	2065000	-3	0.360421895346
HiC_scaffold_14	2065000	2075000	-2	0.159962081426
HiC_scaffold_14	2075000	2085000	-1	0.076126142478
HiC_scaffold_14	2085000	2095000	0	-0.261165382170
HiC_scaffold_14	2095000	2105000	1	-0.112372147932
HiC_scaffold_14	2105000	2115000	2	0.078123656837
HiC_scaffold_14	2115000	2125000	3	0.068657095346
HiC_scaffold_14	2125000	2135000	4	0.202965740652
HiC_scaffold_14	2135000	2145000	5	0.271138089590
HiC_scaffold_14	2425000	2435000	-5	0.276120236320
HiC_scaffold_14	2435000	2445000	-4	0.510127217978
HiC_scaffold_14	2445000	2455000	-3	0.513614202215
HiC_scaffold_14	2455000	2465000	-2	0.188948339476
HiC_scaffold_14	2465000	2475000	-1	-0.314055522558
HiC_scaffold_14	2475000	2485000	0	-0.476370602889
HiC_scaffold_14	2485000	2495000	1	-0.301996814759
HiC_scaffold_14	2495000	2505000	2	-0.143634902241
HiC_scaffold_14	2505000	2515000	3	-0.005163947126
HiC_scaffold_14	2515000	2525000	4	0.139145090517
HiC_scaffold_14	2525000	2535000	5	0.318362240471
HiC_scaffold_14	3245000	3255000	-5	0.096290378170
HiC_scaffold_14	3255000	3265000	-4	-0.047327967422
HiC_scaffold_14	3265000	3275000	-3	0.194842578436
HiC_scaffold_14	3275000	3285000	-2	0.361433960783
HiC_scaffold_14	3285000	3295000	-1	0.173696043956
HiC_scaffold_14	3295000	3305000	0	-0.119358028355
HiC_scaffold_14	3305000	3315000	1	-0.100784436965
HiC_scaffold_14	3315000	3325000	2	0.104037590669
HiC_scaffold_14	3325000	3335000	3	0.292275823212
HiC_scaffold_14	3335000	3345000	4	0.095367929026
HiC_scaffold_14	3345000	3355000	5	-0.302882775184
HiC_scaffold_15	775000	785000	-5	0.122821983932
HiC_scaffold_15	785000	795000	-4	0.235483968782
HiC_scaffold_15	795000	805000	-3	0.244909051763
HiC_scaffold_15	805000	815000	-2	-0.051461828283
HiC_scaffold_15	815000	825000	-1	-0.204235419286
HiC_scaffold_15	825000	835000	0	-0.256255814813
HiC_scaffold_15	835000	845000	1	0.099487288823
HiC_scaffold_15	845000	855000	2	0.445153426797
HiC_scaffold_15	855000	865000	3	0.626742541486
HiC_scaffold_15	865000	875000	4	0.727406454178
HiC_scaffold_15	875000	885000	5	0.885707339729
HiC_scaffold_15	875000	885000	-5	0.885707339729
HiC_scaffold_15	885000	895000	-4	1.073568662729
HiC_scaffold_15	895000	905000	-3	1.037136731437
HiC_scaffold_15	905000	915000	-2	0.549386165282
HiC_scaffold_15	915000	925000	-1	0.271984432161
HiC_scaffold_15	925000	935000	0	-0.083815671366
HiC_scaffold_15	935000	945000	1	-0.023521350666
HiC_scaffold_15	945000	955000	2	0.037228730304
HiC_scaffold_15	955000	965000	3	0.151183628327
HiC_scaffold_15	965000	975000	4	0.331748022081
HiC_scaffold_15	975000	985000	5	0.515477054744
HiC_scaffold_15	1925000	1935000	-5	-0.028493482884
HiC_scaffold_15	1935000	1945000	-4	-0.016556695865
HiC_scaffold_15	1945000	1955000	-3	0.056533556292
HiC_scaffold_15	1955000	1965000	-2	-0.187256549731
HiC_scaffold_15	1965000	1975000	-1	-0.294716970878
HiC_scaffold_15	1975000	1985000	0	-0.583098121696
HiC_scaffold_15	1985000	1995000	1	-0.481461103065
HiC_scaffold_15	1995000	2005000	2	-0.113657630243
HiC_scaffold_15	2005000	2015000	3	0.236546920462
HiC_scaffold_15	2015000	2025000	4	0.265634544432
HiC_scaffold_15	2025000	2035000	5	-0.011246095458
HiC_scaffold_16	335000	345000	-5	0.172320323626
HiC_scaffold_16	345000	355000	-4	0.201163576167
HiC_scaffold_16	355000	365000	-3	-0.020484678015
HiC_scaffold_16	365000	375000	-2	-0.282765673175
HiC_scaffold_16	375000	385000	-1	-0.645389993962
HiC_scaffold_16	385000	395000	0	-0.756114612115
HiC_scaffold_16	395000	405000	1	-0.495098796895
HiC_scaffold_16	405000	415000	2	0.191364581380
HiC_scaffold_16	415000	425000	3	0.191364581380
HiC_scaffold_16	425000	435000	4	0.523209390311
HiC_scaffold_16	435000	445000	5	0.680294152788
HiC_scaffold_16	735000	745000	-5	-0.061519622228
HiC_scaffold_16	745000	755000	-4	0.031184246382
HiC_scaffold_16	755000	765000	-3	0.110883039028
HiC_scaffold_16	765000	775000	-2	-0.019064198217
HiC_scaffold_16	775000	785000	-1	-0.216894878105
HiC_scaffold_16	785000	795000	0	-0.448887065461
HiC_scaffold_16	795000	805000	1	-0.297996642360
HiC_scaffold_16	805000	815000	2	-0.035864032948
HiC_scaffold_16	815000	825000	3	-0.013182709301
HiC_scaffold_16	825000	835000	4	-0.134086647406
HiC_scaffold_16	835000	845000	5	-0.131601405143
HiC_scaffold_16	1000000	1010000	-5	-0.264438353820
HiC_scaffold_16	1010000	1020000	-4	-0.264438353820
HiC_scaffold_16	1020000	1030000	-3	-0.292186162397
HiC_scaffold_16	1030000	1040000	-2	-0.116717169442
HiC_scaffold_16	1040000	1050000	-1	-0.116717169442
HiC_scaffold_16	1050000	1060000	0	-0.408814945962
HiC_scaffold_16	1060000	1070000	1	-0.072012625242
HiC_scaffold_16	1070000	1080000	2	-0.072012625242
HiC_scaffold_16	1080000	1090000	3	0.291014911104
HiC_scaffold_16	1090000	1100000	4	0.291014911104
HiC_scaffold_16	1100000	1110000	5	0.282955507209
HiC_scaffold_16	2385000	2395000	-5	-0.026816554614
HiC_scaffold_16	2395000	2405000	-4	-0.153392534043
HiC_scaffold_16	2405000	2415000	-3	-0.335127917806
HiC_scaffold_16	2415000	2425000	-2	-0.605323580673
HiC_scaffold_16	2425000	2435000	-1	-0.766339222953
HiC_scaffold_16	2435000	2445000	0	-0.894489270535
HiC_scaffold_16	2445000	2455000	1	-0.602866028004
HiC_scaffold_16	2455000	2465000	2	-0.438688196272
HiC_scaffold_16	2465000	2475000	3	-0.194943297265
HiC_scaffold_16	2475000	2485000	4	-0.056026822460
HiC_scaffold_16	2485000	2495000	5	0.210190535365
HiC_scaffold_16	2855000	2865000	-5	-0.145114040592
HiC_scaffold_16	2865000	2875000	-4	-0.262847039253
HiC_scaffold_16	2875000	2885000	-3	-0.150658422150
HiC_scaffold_16	2885000	2895000	-2	-0.205980071016
HiC_scaffold_16	2895000	2905000	-1	-0.462493554872
HiC_scaffold_16	2905000	2915000	0	-0.775128716235
HiC_scaffold_16	2915000	2925000	1	-0.005428977464
HiC_scaffold_16	2925000	2935000	2	-0.265339197197
HiC_scaffold_16	2935000	2945000	3	0.103070114864
HiC_scaffold_16	2945000	2955000	4	0.235589245301
HiC_scaffold_16	2955000	2965000	5	0.407708877103
HiC_scaffold_17	262500	272500	-5	-0.102555161151
HiC_scaffold_17	272500	282500	-4	-0.102555161151
HiC_scaffold_17	282500	292500	-3	-0.164612148318
HiC_scaffold_17	292500	302500	-2	-0.317080567600
HiC_scaffold_17	302500	312500	-1	-0.629879402916
HiC_scaffold_17	312500	322500	0	-0.928815270522
HiC_scaffold_17	322500	332500	1	-0.928815270522
HiC_scaffold_17	332500	342500	2	-0.911267054080
HiC_scaffold_17	342500	352500	3	-0.804131325417
HiC_scaffold_17	352500	362500	4	-0.804131325417
HiC_scaffold_17	362500	372500	5	-0.445145707380
HiC_scaffold_17	605000	615000	-5	0.246379713187
HiC_scaffold_17	615000	625000	-4	0.204117013459
HiC_scaffold_17	625000	635000	-3	0.087643356684
HiC_scaffold_17	635000	645000	-2	-0.191413591816
HiC_scaffold_17	645000	655000	-1	-0.541863648868
HiC_scaffold_17	655000	665000	0	-0.771752834138
HiC_scaffold_17	665000	675000	1	-0.498542669214
HiC_scaffold_17	675000	685000	2	-0.422621258033
HiC_scaffold_17	685000	695000	3	-0.106144026594
HiC_scaffold_17	695000	705000	4	0.213622730890
HiC_scaffold_17	705000	715000	5	0.056974041265
HiC_scaffold_17	875000	885000	-5	0.447030193893
HiC_scaffold_17	885000	895000	-4	0.334010125072
HiC_scaffold_17	895000	905000	-3	0.238032637160
HiC_scaffold_17	905000	915000	-2	0.019885501058
HiC_scaffold_17	915000	925000	-1	-0.164811501485
HiC_scaffold_17	925000	935000	0	-0.481078385361
HiC_scaffold_17	935000	945000	1	-0.366728345214
HiC_scaffold_17	945000	955000	2	-0.116798322916
HiC_scaffold_17	955000	965000	3	0.608734378040
HiC_scaffold_17	965000	975000	4	0.668237363010
HiC_scaffold_17	975000	985000	5	0.281355779629
HiC_scaffold_17	1095000	1105000	-5	-0.066706030373
HiC_scaffold_17	1105000	1115000	-4	0.134224819548
HiC_scaffold_17	1115000	1125000	-3	0.128954792771
HiC_scaffold_17	1125000	1135000	-2	-0.220090722076
HiC_scaffold_17	1135000	1145000	-1	-0.256131695023
HiC_scaffold_17	1145000	1155000	0	-0.476284336042
HiC_scaffold_17	1155000	1165000	1	0.168829662388
HiC_scaffold_17	1165000	1175000	2	0.489918684806
HiC_scaffold_17	1175000	1185000	3	0.370735627012
HiC_scaffold_17	1185000	1195000	4	0.272662240474
HiC_scaffold_17	1195000	1205000	5	0.176418191995
HiC_scaffold_17	1195000	1205000	-5	0.176418191995
HiC_scaffold_17	1205000	1215000	-4	-0.015149659617
HiC_scaffold_17	1215000	1225000	-3	0.176607927406
HiC_scaffold_17	1225000	1235000	-2	0.207403931033
HiC_scaffold_17	1235000	1245000	-1	-0.185058013903
HiC_scaffold_17	1245000	1255000	0	-0.485489125419
HiC_scaffold_17	1255000	1265000	1	-0.218186470451
HiC_scaffold_17	1265000	1275000	2	0.037531106126
HiC_scaffold_17	1275000	1285000	3	0.253447244526
HiC_scaffold_17	1285000	1295000	4	0.204777518310
HiC_scaffold_17	1295000	1305000	5	0.198051390419
HiC_scaffold_17	1655000	1665000	-5	0.084931330947
HiC_scaffold_17	1665000	1675000	-4	0.133959161603
HiC_scaffold_17	1675000	1685000	-3	0.285854193170
HiC_scaffold_17	1685000	1695000	-2	0.056526077849
HiC_scaffold_17	1695000	1705000	-1	-0.280293226529
HiC_scaffold_17	1705000	1715000	0	-0.564104363477
HiC_scaffold_17	1715000	1725000	1	-0.475514213121
HiC_scaffold_17	1725000	1735000	2	-0.209097405383
HiC_scaffold_17	1735000	1745000	3	-0.029358102265
HiC_scaffold_17	1745000	1755000	4	0.037449495654
HiC_scaffold_17	1755000	1765000	5	-0.088407795181
HiC_scaffold_17	1745000	1755000	-5	0.037449495654
HiC_scaffold_17	1755000	1765000	-4	-0.088407795181
HiC_scaffold_17	1765000	1775000	-3	-0.180730546849
HiC_scaffold_17	1775000	1785000	-2	-0.246373375596
HiC_scaffold_17	1785000	1795000	-1	-0.413506451854
HiC_scaffold_17	1795000	1805000	0	-0.686395923155
HiC_scaffold_17	1805000	1815000	1	-0.526725641148
HiC_scaffold_17	1815000	1825000	2	-0.250503599927
HiC_scaffold_17	1825000	1835000	3	-0.049871342466
HiC_scaffold_17	1835000	1845000	4	-0.136617779168
HiC_scaffold_17	1845000	1855000	5	-0.193630493294
HiC_scaffold_17	1975000	1985000	-5	0.347470566677
HiC_scaffold_17	1985000	1995000	-4	0.203133674558
HiC_scaffold_17	1995000	2005000	-3	0.083727783871
HiC_scaffold_17	2005000	2015000	-2	-0.262106077909
HiC_scaffold_17	2015000	2025000	-1	-0.586703341258
HiC_scaffold_17	2025000	2035000	0	-0.645300286454
HiC_scaffold_17	2035000	2045000	1	-0.444663734169
HiC_scaffold_17	2045000	2055000	2	-0.154884796879
HiC_scaffold_17	2055000	2065000	3	0.096421763305
HiC_scaffold_17	2065000	2075000	4	0.160856726998
HiC_scaffold_17	2075000	2085000	5	0.421938994717
HiC_scaffold_17	2175000	2185000	-5	0.115604455229
HiC_scaffold_17	2185000	2195000	-4	-0.001768496043
HiC_scaffold_17	2195000	2205000	-3	-0.070369802770
HiC_scaffold_17	2205000	2215000	-2	-0.290556259547
HiC_scaffold_17	2215000	2225000	-1	-0.550485282500
HiC_scaffold_17	2225000	2235000	0	-0.643107420141
HiC_scaffold_17	2235000	2245000	1	-0.297384881618
HiC_scaffold_17	2245000	2255000	2	-0.013837022826
HiC_scaffold_17	2255000	2265000	3	-0.044440034111
HiC_scaffold_17	2265000	2275000	4	-0.026340143327
HiC_scaffold_17	2275000	2285000	5	0.023692037748
