"gene","Compartment","log2FoldChange"
"g27361","A",5.20307687811499
"g2029","A",5.77333662462482
"g25073","A",-5.41386628446066
"g18001","A",-5.430701945992
"g18000","A",-5.70078453426688
"g9080","A",4.03345322797438
"g24976","A",-5.71195220480221
"g12736","A",-5.99921376176915
"g24361","A",4.94441062419893
"g18811","A",8.09908608275251
"g21295","A",-3.21188289088084
"g19645","A",4.7753054553161
"g1904","A",3.08732095002548
"g21990","A",-4.62666049937258
"g23122","A",-6.33883085762801
"g2600","A",4.51900775720023
"g6212","A",-3.79385644207231
"g4924","A",-6.26585378497219
"g25142","A",-4.44368448810998
"g23170","A",-6.23642485591719
"g29724","A",-3.09528849726276
"g7472","A",-5.07104216069072
"g12905","A",2.73698735647718
"g26870","A",-3.67410067261097
"g10618","A",-6.28519581541303
"g3113","A",4.29862320500377
"g3128","A",4.09062445338709
"g12735","A",-5.99437257750692
"g23086","A",-4.81730461039583
"g873","A",2.75545802602747
"g19816","A",4.56188445262256
"g25141","A",-4.46145403449519
"g6448","A",2.34238447413395
"g17499","A",3.4484200268176
"g16547","A",-2.83394727463797
"g28230","A",3.26182605472297
"g4978","A",3.50478557776466
"g16521","A",4.13403113517137
"g16466","A",-3.50539763770316
"g7028","A",3.29719511016529
"g17367","A",-3.33517868713034
"g8988","A",-3.13185807998031
"g6728","A",-7.00241432376767
"g13198","A",-5.61549092861156
"g19602","A",-4.03409174318034
"g6418","A",-2.3993215604726
"g18783","A",7.59207679437497
"g6288","A",-4.31685961111794
"g19648","A",-4.53961862937456
"g19799","A",4.23347238148509
"g23121","A",-3.071323254023
"g23794","A",2.73540040779433
"g7179","A",2.53796648405329
"g10707","A",-4.81676474421862
"g20235","A",-2.58606968357464
"g7470","A",-5.20018174866801
"g7125","A",-5.92615793785488
"g7396","A",-3.46151271974264
"g28448","A",-4.02348379748717
"g67","A",-3.57357619542953
"g14683","A",-2.70109747337902
"g8159","A",2.57683473422392
"g8158","A",2.54327795027621
"g605","A",-3.50032610317383
"g14895","A",-2.62949912875227
"g29146","A",3.06715496689276
"g16811","A",2.05918196519903
"g5413","A",2.80121566167354
"g7105","A",2.19473742166193
"g16564","A",-4.57695166073862
"g20424","A",3.97780160217046
"g18713","A",-3.10239919982771
"g445","A",2.40283799381219
"g1078","A",3.04391454230562
"g28239","A",-2.65064387112995
"g17355","A",-3.51194196787157
"g11275","A",3.19195208840092
"g82","A",-2.1122510256805
"g21493","A",-3.08759848653764
"g25182","A",-3.74125201981793
"g851","A",3.14488634185521
"g126","A",2.58061159498016
"g13279","A",-5.2593595109395
"g7682","A",2.23840075869947
"g7864","A",2.26632187724111
"g17821","A",-2.13907742536896
"g10148","A",1.55538452924865
"g15945","A",-1.78480031948296
"g12764","A",1.69950273345546
"g1185","A",3.86946939702643
"g12757","A",1.70473810142132
"g22117","A",2.83394335773933
"g29349","A",2.53062430351636
"g16486","A",-1.96417543595555
"g4866","A",-3.33527826866725
"g3165","A",2.07380641666872
"g3114","A",3.00779132191732
"g6975","A",-2.36267128404442
"g2104","A",-3.36477236892569
"g10556","A",-2.86897358945859
"g1365","A",-3.18422302485003
"g24975","A",-2.16542812944008
"g27127","A",2.38923855905049
"g25122","A",-3.82242442549244
"g511","A",1.99609512752382
"g18740","A",-2.77796796567187
"g11870","A",2.68866452586138
"g28447","A",-2.83307346631606
"g6732","A",-3.29506922425419
"g2076","A",3.14713345050532
"g7124","A",-3.28456288961017
"g12834","A",-6.52640355958239
"g25183","A",-3.73780077513352
"g4925","A",-7.45433398329593
"g7181","A",4.59402075828237
"g6567","A",-3.38756923595766
"g816","A",-1.93196217673406
"g8362","A",2.09274236436231
"g10871","A",-3.01390476364814
"g964","A",-2.32894624199751
"g452","A",-1.96808528358508
"g6766","A",3.68642257829857
"g4095","A",-1.52270309437898
"g14713","A",-2.22195134246928
"g1202","A",4.18982454378492
"g10899","A",-3.18249420121692
"g6644","A",-4.78233119930278
"g10237","A",-4.06236875504943
"g7471","A",-2.88478443542708
"g12524","A",1.93127474116859
"g12204","A",-2.82889650791814
"g342","A",-2.81722966177436
"g154","A",-3.85742861222941
"g8157","A",2.1820963088912
"g12211","A",-1.79953568643182
"g13210","A",-3.07759112039214
"g7129","A",1.5934067061531
"g2005","A",1.38493398599983
"g12602","A",2.36487341710698
"g26190","A",2.47937674188667
"g7863","A",2.94363766992345
"g21391","A",3.23635679799813
"g3899","A",3.09168951928638
"g3129","A",2.25244196966249
"g8999","A",-4.08763739536276
"g19598","A",-3.11950706037016
"g5856","A",1.75289086652832
"g2112","A",-3.02293756471534
"g7996","A",1.42937274643494
"g12811","A",-4.84367744199542
"g15829","A",-3.20832021076709
"g14830","A",-3.79879787973927
"g4194","A",-2.48560403118242
"g10554","A",-2.87749933630204
"g20177","A",-2.94948912757217
"g6284","A",-3.25785024675048
"g11216","A",-1.77831373665979
"g16472","A",-4.34564914946387
"g13366","A",2.82634495655092
"g18728","A",2.15029152919545
"g28225","A",-2.19125975572465
"g23169","A",-2.58829302999229
"g21481","A",-4.75289148380127
"g22121","A",1.4670980990954
"g2505","A",-1.80491151220752
"g6813","A",-1.99776260859196
"g16408","A",2.94062346578521
"g16967","A",3.52045184937742
"g18596","A",-2.46652126206554
"g10238","A",-3.17953908147534
"g14084","A",-2.27135812165304
"g27329","A",-2.02651663092635
"g9456","A",-2.71367878690437
"g16669","A",3.52581487330594
"g28815","A",1.62646251133
"g11666","A",2.95876918937582
"g18735","A",1.71786089828137
"g24065","A",-2.52726724632522
"g8854","A",1.47952552652918
"g7094","A",-3.09876119703499
"g23808","A",2.05020921913136
"g14529","A",-2.98439555064255
"g937","A",1.24241819500539
"g5115","A",-3.20938823846874
"g15881","A",-2.39187077907881
"g21389","A",3.26776711349822
"g29571","A",2.94106186419933
"g24267","A",5.36850845547995
"g18698","A",2.18968348497662
"g10262","A",1.72405767383442
"g5625","A",-1.58929258328768
"g21946","A",-1.92935690195359
"g23783","A",-1.51423315787838
"g594","A",2.74581406673898
"g10218","A",-2.4385174543905
"g21073","A",2.44894736769753
"g11402","A",-2.85562433267682
"g20058","A",-2.81562756163642
"g10219","A",-2.04645233449338
"g21280","A",-2.50446806269975
"g17174","A",1.70427362761243
"g1146","A",2.41064076239249
"g921","A",-2.84608694808092
"g22589","A",2.33726308791121
"g24297","A",2.45974486982475
"g18790","A",2.45513833076766
"g10320","A",2.41880427818528
"g2109","A",-3.81929062614711
"g19696","A",1.71255032073034
"g12758","A",-2.47951771746296
"g7289","A",2.90825229054254
"g3626","A",-3.42070109703385
"g9999","A",-2.13633742389175
"g22527","A",1.92373010125045
"g27205","A",1.95677525476216
"g23087","A",-1.4462910438651
"g8181","A",-4.75646250025223
"g13456","A",-2.73174919296687
"g29716","A",1.6369268667378
"g809","A",-3.06174759396108
"g1279","A",5.78627855832562
"g11752","A",1.75223551797933
"g7397","A",-1.9376394265023
"g10127","A",-2.31641416384687
"g7702","A",-1.76580019550993
"g27070","A",-2.43882440200046
"g9459","A",3.1806509591805
"g17218","A",-2.78006372926411
"g1290","A",-1.94262879234828
"g21050","A",1.58800164808061
"g2860","A",1.46344442438413
"g15883","A",-2.20148650142785
"g1644","A",2.04905557765387
"g6186","A",2.38987775709724
"g7273","A",-2.33927247587755
"g17027","A",1.19265497851063
"g15874","A",-1.05680796192819
"g14994","A",3.0378062046027
"g23313","A",-1.43481188079178
"g10100","A",-1.71220995978548
"g9279","A",-1.65395975642869
"g20958","A",1.92228282404024
"g7499","A",1.30545454203614
"g6679","A",-1.88872874613699
"g5880","A",2.17873713778232
"g21157","A",-1.94376265420811
"g1045","A",-2.07973605610979
"g186","A",3.46691425680919
"g24978","A",-6.11287547387639
"g16985","A",1.22663323581588
"g7178","A",2.72659670190736
"g5881","A",1.72959404261385
"g10886","A",2.42413353601018
"g16727","A",1.62878404856923
"g23334","A",-1.38758743961257
"g9195","A",2.2066022212041
"g23354","A",1.71917600877573
"g20360","A",-1.83358062137237
"g162","A",-1.54696369649851
"g17376","A",-8.61177089966186
"g2114","A",-6.21295244198335
"g17436","A",-1.78589411708431
"g14993","A",2.59570168934001
"g2256","A",1.82258795457128
"g16429","A",-3.37702258654403
"g25209","A",-3.04127426964992
"g8865","A",1.42562195180941
"g192","A",3.22603659831411
"g8154","A",-1.72218304758709
"g16471","A",-2.37021989839618
"g1966","A",-1.95760862268507
"g18762","A",2.202995101043
"g1300","A",2.26063953594356
"g27580","A",3.3626882793441
"g19527","A",1.68031674688634
"g11062","A",-3.09493730139728
"g7681","A",6.03757187614436
"g1404","A",1.52948335813348
"g10133","A",1.84681136202063
"g20085","A",-2.24098257219081
"g1134","A",3.48931351857291
"g18708","A",1.56222982755963
"g16753","A",-2.07099518930428
"g17084","A",1.59058505457441
"g1378","A",-3.27472234445307
"g21604","A",1.88279329473923
"g22235","A",-3.32623166330279
"g2274","A",4.3058891548967
"g10989","A",1.65647676131664
"g11200","A",2.16291616305127
"g8152","A",1.30296067242801
"g7208","A",1.82577151274914
"g17015","A",1.97446076747243
"g22547","A",1.3066629815258
"g13478","A",-2.63056024882948
"g16283","A",-1.65919377681855
"g28933","A",-2.78050979689227
"g15805","A",2.01714215482576
"g16431","A",-3.35226597770698
"g1636","A",1.09353932718231
"g22416","A",-2.39224670238384
"g7139","A",1.32539441132483
"g11908","A",-1.93076373760511
"g6428","A",-3.61740482241615
"g18092","A",3.25129587546936
"g7182","A",1.52155934389136
"g7906","A",2.07402014575411
"g19599","A",-2.75090269640621
"g7479","A",-1.62474843365642
"g1790","A",-2.84935836707773
"g2068","A",-2.84340401571369
"g20720","A",-2.43541604580736
"g10551","A",1.09930874250006
"g22247","A",-3.39262460961721
"g7824","A",-1.50243117928871
"g17802","A",2.29828951898189
"g17784","A",1.92128037996817
"g8125","A",1.34793337275096
"g27148","A",-3.60969254635199
"g20295","A",-1.82723757171759
"g12227","A",-7.55632989193156
"g9281","A",-1.4811545231508
"g14712","A",-3.68603675333945
"g21563","A",-1.42755710497004
"g28226","A",-2.83687238420368
"g20642","A",-1.92813088457094
"g8969","A",-1.95619555351749
"g27199","A",-2.09410010370145
"g14782","A",2.21412567254583
"g10491","A",3.7617797468575
"g7945","A",-2.47291643313494
"g4401","A",2.31701329636381
"g3072","A",2.57214107419749
"g18595","A",-2.55095650096999
"g4917","A",1.3746023196043
"g10306","A",1.90700498812642
"g17299","A",3.17119441932322
"g11685","A",-1.54691593290494
"g11103","A",1.76989262476534
"g7816","A",-1.40986662887535
"g10750","A",1.50665631624731
"g17243","A",2.57032685490374
"g15861","A",-5.46125968070948
"g11605","A",-4.36852028548226
"g6211","A",-2.42614382975382
"g12622","A",-2.93379499187595
"g27215","A",-3.58021476699178
"g24223","A",1.53913275645749
"g9008","A",-2.08346441933824
"g15832","A",-1.86528521808816
"g5018","A",2.95381500317662
"g12734","A",-7.48545545972818
"g4410","A",2.51498076158009
"g2173","A",-1.36909554814498
"g4732","A",-1.48997442839651
"g9122","A",-1.67311033730273
"g1124","A",1.26528495565355
"g17375","A",-2.32048201641428
"g22277","A",2.60904349815348
"g21985","A",1.09691177681413
"g11867","A",2.81884577569758
"g733","A",-1.72403026272343
"g26268","A",2.31246692744348
"g1965","A",-1.66501617393282
"g25","A",1.57791522456319
"g6419","A",3.06688864681963
"g11221","A",-2.08224847633159
"g425","A",2.69392167645149
"g22568","A",1.47149585763229
"g26259","A",-1.86754272039223
"g4414","A",-1.58578546840968
"g10700","A",2.15613370914051
"g14817","A",-1.36383804618807
"g6442","A",2.47527527998421
"g347","A",1.89093604041509
"g17234","A",-1.1611882972558
"g9009","A",-1.76060598273987
"g25192","A",-4.49061408467501
"g16869","A",2.10846916161414
"g2014","A",1.0380058857724
"g6670","A",-1.30816367167963
"g11749","A",2.5336579950351
"g11533","A",2.60986425543519
"g7865","A",1.96560209013696
"g2083","A",-1.86270028543076
"g6751","A",-2.27006807337577
"g22344","A",7.24927798269023
"g21390","A",3.87098913439417
"g25018","A",-2.57852955869905
"g5712","A",1.94184468254386
"g21923","A",1.48498267509037
"g18462","A",2.72533650101009
"g10775","A",1.61500649081813
"g4723","A",-4.1542714651604
"g54","A",-2.39488393990071
"g3116","A",-1.93292742581704
"g23134","A",-2.38209995027798
"g16277","A",-1.85299990223986
"g939","A",-1.41418759607893
"g27343","A",-1.90060456717621
"g10954","A",3.44634512150625
"g335","A",1.73179127646558
"g6500","A",4.96511208674649
"g328","A",-2.59674993779225
"g6372","A",1.00173748527355
"g6621","A",-3.60646480609003
"g13197","A",-7.36095373660387
"g26200","A",2.07135220228152
"g294","A",-1.63478019304085
"g25230","A",1.34490817687226
"g7983","A",1.32700754352362
"g17478","A",-1.13045837511976
"g5898","A",-2.27088557573317
"g1706","A",2.60249431460257
"g25241","A",-1.25910607325526
"g10532","A",2.2688107597349
"g27220","A",-3.70001517558841
"g3935","A",-1.64722078257253
"g22345","A",1.36825672189609
"g24336","A",-1.11101216365286
"g1967","A",-1.73361941318458
"g2684","A",0.894810332351734
"g14086","A",3.86956538435897
"g4765","A",-1.12497268576833
"g20325","A",-2.94187080359481
"g22233","A",-3.03840368145623
"g26185","A",-1.81803802621631
"g345","A",2.26934696929323
"g17854","A",0.932737668716367
"g11571","A",-1.69499401339765
"g11204","A",0.974215530370829
"g22289","A",-1.56964017360651
"g18760","A",1.5913405480794
"g10646","A",1.35260863913896
"g18823","A",-2.4176822988384
"g27151","A",-3.32319559467454
"g8063","A",-3.27886109146096
"g11663","A",-1.84190463894631
"g6524","A",-2.7758026587177
"g2110","A",-2.4261391314542
"g6341","A",1.55022637265509
"g20359","A",-1.14334397398676
"g16572","A",1.9080415833659
"g7283","A",1.40706614949123
"g545","A",-1.81654076266206
"g22248","A",-3.28128085497922
"g29601","A",3.60209747970698
"g2163","A",1.97997268378003
"g19523","A",-1.699259911675
"g11348","A",1.16935294975514
"g2160","A",0.991009750877496
"g24380","A",-1.28456120461867
"g6355","A",1.76835115862512
"g13339","A",1.56836275402188
"g13261","A",-1.25035163683378
"g7895","A",-3.23148729970767
"g5667","A",-1.84391048233289
"g27206","A",1.53367923877056
"g10535","A",2.70194502340053
"g24344","A",-1.27498444923032
"g18684","A",-1.50952201702685
"g14816","A",-3.20638220683953
"g15806","A",1.80634187053838
"g9280","A",-1.4123631903343
"g27160","A",-3.37462928767349
"g9182","A",2.17329393134366
"g6456","A",-2.74774644790327
"g22605","A",-6.67285282474086
"g2249","A",-1.56592342695011
"g7685","A",1.5433638543281
"g4712","A",2.11116615886247
"g1953","A",1.48104985876564
"g9282","A",-1.32947365041887
"g10079","A",-1.68893907343585
"g10733","A",-1.25446826867466
"g12174","A",2.06125066146679
"g8322","A",-1.58295632315065
"g28375","A",-2.69604367523321
"g19608","A",2.94516947460713
"g9041","A",0.872760974237351
"g1410","A",1.21248583244642
"g7098","A",-3.11806602538783
"g4244","A",1.34168047713726
"g2015","A",2.3006998720789
"g16868","A",1.69669538396321
"g12892","A",3.58617508180232
"g26183","A",-1.84185335132251
"g26205","A",1.55889999070505
"g1255","A",1.39586810238294
"g3904","A",2.25751346271965
"g4979","A",4.77542138152467
"g22381","A",-1.26280752956779
"g16136","A",-1.28878940799606
"g18464","A",2.06815049363031
"g183","A",-1.53898374223607
"g6865","A",3.98158661116553
"g2133","A",-2.46444363166929
"g20666","A",-2.19784824847868
"g24255","A",-1.17776913980922
"g6748","A",-2.16023361831874
"g10312","A",-3.55760297948814
"g13203","A",-2.48781211398359
"g10530","A",2.21230258977881
"g27158","A",-3.32807286345682
"g27355","A",1.15138979719373
"g329","A",-2.65622338937743
"g7249","A",1.57961679598031
"g6310","A",-1.37946890388892
"g27186","A",2.09532992264068
"g2113","A",-1.90176720568791
"g852","A",1.07593897307794
"g21191","A",-1.34777370586769
"g27548","A",1.42231190113197
"g12822","A",1.28771600941965
"g21545","A",1.6444519834755
"g27183","A",-3.12495096562133
"g22382","A",-1.30439726920869
"g28383","A",1.80015724543922
"g17814","A",-1.5000873744675
"g84","A",1.31881075613401
"g9458","A",2.06914220961259
"g17377","A",-6.85596230289414
"g5893","A",-1.40157276858545
"g25509","A",-2.33413488869694
"g18784","A",2.20196404254828
"g18789","A",1.36836742400888
"g3171","A",0.878405910785593
"g20395","A",-1.64862502703401
"g7169","A",1.32490648360717
"g13296","A",3.55345518856942
"g1853","A",1.34487332789068
"g27337","A",1.79203246179736
"g17148","A",2.1991787325637
"g11382","A",1.79784188961389
"g20664","A",3.96516678844974
"g22262","A",1.48732098217969
"g21275","A",1.53856012792469
"g27278","A",-3.30219416654342
"g27426","A",-1.74471502491581
"g14653","A",1.49357717974654
"g25162","A",1.43205624159676
"g27214","A",-2.86793502955623
"g11277","A",1.90375077458734
"g27025","A",2.49814939715729
"g1140","A",1.43072641457592
"g29609","A",-1.4699069570836
"g22059","A",1.39212382816734
"g592","A",2.05071919840386
"g2135","A",-2.15769166059564
"g12873","A",1.06365068173435
"g18812","A",1.82681690983495
"g3923","A",-1.42105372636892
"g3156","A",1.97261196777736
"g16411","A",-1.93710661325395
"g22403","A",1.08407026887891
"g4412","A",-1.6754358212165
"g3627","A",-1.67770254657849
"g16694","A",2.41320162821297
"g26231","A",-1.39884649324297
"g7905","A",3.24995998644836
"g10671","A",1.88025580435591
"g27275","A",-3.35128557647761
"g22766","A",-1.07199579593301
"g16968","A",3.5413985815133
"g15817","A",-1.98577514213217
"g14355","A",2.75926214427916
"g18597","A",-1.2614365590149
"g10005","A",-1.53686375337601
"g11913","A",1.25712876703687
"g16004","A",-2.06719099461446
"g6685","A",1.61827751445844
"g23232","A",2.52605988254168
"g3928","A",-0.940231725748775
"g7907","A",2.02298410110489
"g1787","A",2.42887520408393
"g10660","A",-1.69203680869767
"g3901","A",-1.21672512697604
"g23123","A",-1.33424681818903
"g18641","A",1.0401954668521
"g20197","A",-2.43930744597517
"g11138","A",-0.99234304086592
"g29770","A",-2.05160870800885
"g2421","A",1.55621300854703
"g29138","A",-1.07671011422725
"g66","A",-1.33834576820466
"g20425","A",1.07658364242518
"g8993","A",1.53357568598054
"g3132","A",-1.76594265274122
"g8915","A",2.04891128208091
"g22391","A",3.07039867771722
"g7211","A",-1.5960753032293
"g10321","A",1.40411795904893
"g19414","A",-2.16618430494075
"g28393","A",-1.81463881752675
"g16622","A",1.88317948123169
"g20174","A",-1.50111153859303
"g18759","A",1.03128811323584
"g17192","A",1.68838332519849
"g9058","A",-2.22232401082981
"g24378","A",-1.54455229620134
"g27285","A",-3.58597745749585
"g20772","A",1.40554226391692
"g29747","A",-0.996593640728856
"g15023","A",-1.74477572529659
"g19833","A",2.14466696874272
"g5627","A",-4.43210563575245
"g1936","A",0.892424580682825
"g10058","A",-1.74810329450032
"g13253","A",1.72204468276936
"g14709","A",-1.42240642488409
"g22564","A",0.932062753045716
"g13390","A",-1.53663716441433
"g7128","A",1.10236760335726
"g16612","A",-1.57887714571806
"g7931","A",-1.37169655806894
"g12780","A",1.00994157476833
"g27226","A",-3.71326326818902
"g20870","A",2.30720724819754
"g27282","A",-3.36330492987763
"g7090","A",-0.987892292867637
"g2111","A",-2.17814478612949
"g11560","A",1.4548368163552
"g1367","A",-2.47067189325488
"g26136","A",8.08342758137774
"g25189","A",-0.971935012276183
"g3351","A",0.841824344106018
"g4277","A",1.37693764400048
"g2427","A",-0.994424519110448
"g10272","A",1.27019321761787
"g14381","A",-1.72824658822726
"g20118","A",-1.37636666193749
"g22288","A",-1.21178371730856
"g7929","A",3.44779097101463
"g11264","A",1.35204954800849
"g7461","A",-2.32533606560197
"g10126","A",-3.07823825833403
"g11834","A",0.885487747957466
"g12813","A",-2.01644378699684
"g16715","A",-1.47383462856984
"g27124","A",-2.41790550554455
"g20184","A",-1.96916023750966
"g22030","A",-1.31031025778836
"g8382","A",2.54501522329975
"g10251","A",-1.7325454789527
"g13562","A",-2.64229631397125
"g22031","A",-2.20755458844356
"g11866","A",1.24427499229442
"g10242","A",-1.50526932593064
"g20251","A",-1.00804614251033
"g16957","A",-1.52192188332995
"g6514","A",-1.12154425058816
"g14678","A",-1.47793359165346
"g17800","A",2.39714162721622
"g7963","A",-0.991042209312338
"g27063","A",1.93981714812635
"g2075","A",2.44758006343319
"g16790","A",1.98500223064687
"g20760","A",4.12731989622996
"g10624","A",2.06290099783122
"g8344","A",1.21300367390775
"g55","A",-1.43238529820786
"g19525","A",-1.35709480013856
"g20183","A",-1.77737461550915
"g21294","A",-1.36129932398241
"g20298","A",1.31348214461048
"g23346","A",-0.947898455857645
"g7248","A",0.887899146365305
"g1371","A",-2.45657766749867
"g8116","A",1.56362421740109
"g16962","A",1.47262117029444
"g12844","A",1.21397258469234
"g27360","A",0.957587385026344
"g7067","A",1.13873528145132
"g3153","A",1.17299489265718
"g6468","A",-1.09646423509529
"g8151","A",1.32130897518694
"g14610","A",-1.11753740008367
"g2174","A",-1.33969255438767
"g27286","A",-2.95549536993242
"g2252","A",-1.30505171018034
"g8998","A",-1.51132326170043
"g5624","A",-5.9224806015259
"g6747","A",-2.03380074013581
"g456","A",1.12358719681544
"g3037","A",2.60288549780295
"g26927","A",-1.58375407625094
"g24227","A",-1.30569003456167
"g9111","A",1.91882671779045
"g21561","A",-1.36608717772214
"g8132","A",2.04431069749856
"g3135","A",1.05540613852003
"g11687","A",1.10453046767624
"g2119","A",1.31787926753572
"g23284","A",-2.62559689456051
"g3315","A",-0.902422742648012
"g27114","A",-1.6160961116545
"g6201","A",1.45806593921708
"g27431","A",1.23828060666571
"g21181","A",-1.26861725512036
"g10772","A",0.880759483081815
"g17079","A",-1.17147847767856
"g6863","A",-1.98095975026825
"g27274","A",-5.03425869320339
"g3244","A",-1.07268973438104
"g6831","A",1.78065727509078
"g1333","A",1.72082097232012
"g4722","A",6.30843848021791
"g11944","A",6.10421521697554
"g14681","A",-2.72215177496375
"g2423","A",-1.1590373718651
"g10067","A",2.03663381199005
"g4142","A",-1.99371538214231
"g26269","A",-1.12606800545877
"g7832","A",-0.913319771132676
"g25357","A",1.04951153757793
"g16470","A",-1.27230062674869
"g13264","A",-1.18439879084737
"g28445","A",-2.27664935025271
"g13537","A",2.7073697039947
"g11205","A",1.70612481031029
"g12102","A",1.01382337929809
"g10465","A",-2.28721558519851
"g10446","A",1.88609831943752
"g22404","A",1.27391986444209
"g2595","A",1.46720986142195
"g14801","A",-2.32746334714182
"g17163","A",3.2115573717061
"g27224","A",-3.46926086778213
"g2151","A",-1.11946931738225
"g2132","A",-1.93274454858182
"g17905","A",1.70885598747383
"g20957","A",1.39158816998177
"g10046","A",-1.06883612432561
"g11346","A",2.45623662533733
"g6459","A",-1.00096204555811
"g22231","A",6.54026816161796
"g7701","A",1.23902946890866
"g22113","A",1.81882488149496
"g17162","A",2.48346327372258
"g3247","A",-1.1933865502637
"g17917","A",1.03406760386968
"g12908","A",1.31730348936867
"g739","A",-1.03456953607382
"g10083","A",-1.01465826218473
"g17864","A",-0.862918652593187
"g2106","A",1.84356163858745
"g2980","A",0.791453533489843
"g17292","A",-1.30798905949231
"g17869","A",-1.56101513461758
"g17810","A",1.19330687151919
"g28235","A",-1.25878821731274
"g24064","A",-1.25264177825529
"g21279","A",-2.33871253065597
"g25125","A",-1.23942465633223
"g27237","A",-3.09119974611518
"g24066","A",-1.74687154475276
"g20742","A",1.24519579337036
"g27280","A",-3.33833192587698
"g4068","A",-3.00679424494922
"g20418","A",-0.999316914642485
"g2136","A",-1.9228585144091
"g23348","A",-1.14100865492991
"g4063","A",1.36822444943107
"g27221","A",-2.94668594728118
"g17237","A",-1.15367509836999
"g12904","A",1.51738138169861
"g27248","A",-3.09086648247209
"g26993","A",1.30094927050919
"g3074","A",-1.14326978132068
"g15886","A",1.53777374364979
"g21016","A",-1.16187033150075
"g3322","A",0.917515646952037
"g7854","A",-2.42900679132856
"g14411","A",1.241542692791
"g29697","A",1.6208414532089
"g2170","A",1.28101310421806
"g11558","A",1.49702959686438
"g23224","A",-1.3092763775122
"g4919","A",6.08553723517259
"g2118","A",-2.53343236831105
"g21100","A",-1.51362462501162
"g14896","A",-1.15925385404634
"g23171","A",-1.28227406341702
"g27236","A",-2.74591350598211
"g6811","A",-2.22066179049283
"g4931","A",1.71140740432043
"g17238","A",-1.28931119567165
"g28457","A",1.03999486575407
"g16713","A",1.11893189346106
"g27273","A",-2.96200915713454
"g22276","A",2.24962741008987
"g5706","A",2.57759858343115
"g19522","A",-1.40163788263325
"g23356","A",-1.14160510470419
"g25118","A",-3.8230853720175
"g1256","A",1.22775620374154
"g24045","A",1.09431922311269
"g24046","A",-1.09327567900602
"g16239","A",1.80918933006618
"g27430","A",-2.01718102315328
"g25131","A",-2.24260697680679
"g47","A",1.25775637625732
"g665","A",-1.30556540298451
"g10325","A",-5.40223087289741
"g7951","A",-2.01225368615
"g10006","A",0.959579443102204
"g4966","A",-1.41694660149689
"g142","A",-0.950656459668825
"g17803","A",-1.02198009818692
"g6160","A",-1.1383334879735
"g353","A",-1.09793063791531
"g23851","A",1.51124329653189
"g17031","A",-1.82728917115632
"g18690","A",-1.81029597843322
"g5894","A",-1.58598413935671
"g4868","A",-1.13333596645568
"g9094","A",-2.01767249829015
"g16552","A",-1.12259916529802
"g7174","A",1.48419146557061
"g20117","A",0.801668918201573
"g22190","A",1.55521271823401
"g9285","A",1.55914590621941
"g18833","A",1.28061051285114
"g4764","A",-0.773674432390907
"g20119","A",-1.1678579095046
"g14237","A",1.55018516996857
"g21223","A",1.68647270583967
"g13256","A",2.80423009451237
"g20417","A",-1.28183700300183
"g25161","A",1.36292900885688
"g8118","A",0.96565349966895
"g22539","A",-1.14140689244867
"g24086","A",-0.83076912684618
"g21956","A",-1.40099895188492
"g17334","A",-1.05603873731441
"g16951","A",-1.1920238784102
"g23287","A",-2.55946413971666
"g390","A",-1.18015055588604
"g2265","A",-0.839494348966002
"g3582","A",-2.14949539210528
"g28224","A",-1.74866279697774
"g27244","A",-2.92219203592817
"g6815","A",0.978699240503197
"g2134","A",-1.83016866282152
"g21302","A",0.985189883608527
"g5280","A",2.02143027535243
"g16489","A",-1.30317006894289
"g23090","A",-1.02418404271976
"g18393","A",0.669792479942783
"g11468","A",-0.99956578728598
"g1836","A",-2.10759793942546
"g24254","A",-0.996910949702542
"g26089","A",-0.801502744282438
"g15893","A",0.817346208112933
"g22357","A",0.710851422300101
"g4942","A",-1.1323324874975
"g878","A",1.04772553386364
"g3226","A",-2.98888021504645
"g11756","A",-1.01161197973997
"g15812","A",-0.793606247469002
"g13333","A",-1.3814536342706
"g27218","A",-4.21470450083527
"g16333","A",-0.896026111572135
"g17260","A",2.60090929686967
"g8855","A",1.59669026815244
"g13553","A",2.25353563993941
"g17035","A",1.04969210480701
"g13357","A",1.87819899927943
"g10534","A",1.11920844816948
"g27149","A",-2.78627390855906
"g3971","A",0.86603422216311
"g17431","A",0.911261412427173
"g22172","A",-1.08937632784945
"g20136","A",-2.31497594028949
"g190","A",-1.49543985037109
"g11144","A",1.72792636421303
"g14860","A",1.09095491928245
"g21305","A",-1.54307018712723
"g25243","A",1.76868138642708
"g28220","A",-1.29922317977084
"g9992","A",2.56603162223824
"g7751","A",-1.01495791014957
"g20053","A",1.78223196592269
"g27350","A",-0.974769455457508
"g28231","A",2.04330033705097
"g24403","A",1.28885574338399
"g27059","A",-1.18405870070862
"g24922","A",-0.931661921897314
"g3017","A",0.771448878397588
"g24092","A",-1.02826023583858
"g7410","A",0.963847146566014
"g21010","A",-1.18365797231175
"g26066","A",-1.13713106240724
"g1168","A",-0.844546029839681
"g20178","A",1.44295047124474
"g24343","A",-1.03805359998777
"g14535","A",-1.61295718647735
"g12794","A",-0.823868671561765
"g7095","A",-0.865869413965528
"g21164","A",1.67974629937088
"g8323","A",-1.21942711154415
"g25158","A",-1.10563151161806
"g6474","A",2.65704202366227
"g20187","A",1.53430699294949
"g29126","A",1.05754370237857
"g11559","A",1.38983742420551
"g21515","A",1.64905098773791
"g9200","A",1.99001587820893
"g10919","A",-2.62197892363313
"g9093","A",-0.740371071228166
"g15002","A",-1.50813933434896
"g2206","A",0.679278329781768
"g25366","A",0.996172326008256
"g27217","A",-2.60735200783437
"g643","A",-0.986854733358271
"g11147","A",1.00591163298544
"g14061","A",1.8942859789592
"g17128","A",1.79290845778431
"g22009","A",-1.24644642598465
"g17319","A",1.96026315565058
"g21356","A",-1.8024611972754
"g396","A",-1.06735509979616
"g28982","A",-2.56639401739068
"g22221","A",-1.01346176032787
"g10307","A",1.05716575305028
"g14818","A",-1.12398593479358
"g2062","A",1.77233942488169
"g25002","A",2.44082826111063
"g6438","A",1.96539440851872
"g11466","A",-1.1054243732615
"g16575","A",-5.65317192103994
"g5007","A",-3.80592167907124
"g1668","A",-1.17323410620571
"g10244","A",-1.99154537746831
"g27235","A",-3.37449126319223
"g28842","A",-0.911533484167104
"g16854","A",-0.862106853321421
"g29543","A",-1.50511452365784
"g17004","A",1.19225599842833
"g1672","A",2.51516320560718
"g17320","A",1.27084929035893
"g29696","A",-1.1022592795136
"g15962","A",-0.797529570429722
"g19801","A",-2.33997669429766
"g7743","A",1.94338882798467
"g28948","A",-2.17953611567592
"g17258","A",1.97760182245653
"g6812","A",-2.02949320098422
"g27272","A",-3.43357490790061
"g2210","A",-1.48680192587903
"g23205","A",-1.48334761822605
"g14236","A",-0.794398613169796
"g7482","A",2.02757744962091
"g5281","A",1.67826055367383
"g7754","A",-0.830107702569577
"g27056","A",-1.33209898997869
"g20721","A",-2.10045885690326
"g7081","A",1.09094028868106
"g1254","A",-3.7802493176129
"g11595","A",0.859434024736124
"g16112","A",-1.06344391928803
"g5877","A",-1.13727448873062
"g3300","A",0.711917373629373
"g14930","A",1.28545981930434
"g16618","A",-2.80623222649326
"g1976","A",1.27567767577047
"g6607","A",-2.46571023226453
"g11139","A",-0.884244593580406
"g8992","A",-1.41178794905724
"g28897","A",0.998197712611722
"g11940","A",0.739308158831798
"g17879","A",0.787599240815929
"g20809","A",1.23233365458482
"g23345","A",-0.885407733468202
"g16323","A",1.07322973896224
"g12649","A",-3.46444188103952
"g14378","A",-1.4593232577517
"g11278","A",2.1061263921585
"g24375","A",-1.03925551759733
"g2598","A",-1.08170377252517
"g11313","A",-2.24055563750458
"g4918","A",-1.14688361987292
"g21212","A",-1.66894846463961
"g1907","A",-1.22116010905803
"g27208","A",1.01395168434045
"g21115","A",1.43291101498777
"g532","A",0.940577896813953
"g1854","A",2.27770244681321
"g27207","A",1.51595838077115
"g22399","A",1.12087867494426
"g1071","A",1.17037737782575
"g11142","A",0.863541118042026
"g27281","A",-3.90157498058379
"g14482","A",-1.85587752436512
"g10776","A",1.35958663893576
"g1353","A",1.60930705266322
"g1385","A",-1.71752829789579
"g27225","A",-3.63408054714574
"g965","A",-1.76163198064892
"g10225","A",1.30843542996647
"g423","A",2.75035746360092
"g1360","A",0.83798312432002
"g6583","A",2.03485718132388
"g20284","A",1.14301615307452
"g18638","A",1.21413050173839
"g26940","A",1.13673804656943
"g3320","A",2.95838834160553
"g11435","A",1.26736663210099
"g17891","A",1.20832081184573
"g4971","A",-1.01195696882868
"g27279","A",-4.55397303111462
"g27521","A",1.33854267297436
"g17506","A",-1.17207130582815
"g2117","A",-1.81130662193936
"g1603","A",-1.23201855782237
"g23225","A",-0.86014857337311
"g6290","A",-1.84375374902025
"g9975","A",-1.4984015232165
"g19662","A",1.85744128208492
"g6785","A",-1.74196325129224
"g20304","A",-1.30066628491831
"g25014","A",1.06481520270479
"g1376","A",1.39292497133391
"g663","A",1.5037838093684
"g857","A",-1.44334279570796
"g967","A",-1.68399199608121
"g898","A",0.82442203541046
"g24317","A",1.0936050853537
"g27216","A",-2.78280657240924
"g8927","A",1.37253051526366
"g7108","A",0.999043415395872
"g20160","A",1.55495776030337
"g11475","A",0.887409050760841
"g7176","A",-0.889600270316751
"g9457","A",1.72363154157959
"g22326","A",-1.1675321726868
"g17290","A",-1.23589883216834
"g3331","A",0.788665762880004
"g16711","A",-0.818751336399862
"g18840","A",0.775515426543184
"g859","A",1.23985119896359
"g17119","A",2.32029685108332
"g14441","A",1.9184371238698
"g3934","A",1.44493851957564
"g25208","A",-1.80309844791156
"g22537","A",1.23671723985297
"g12160","A",-1.09864783344178
"g24242","A",1.53188100812077
"g1590","A",-0.977176043695578
"g2049","A",-0.938806077385196
"g3251","A",0.883400354963669
"g1354","A",0.863142876350367
"g4132","A",-1.69638609380251
"g14496","A",-0.800028096828431
"g16589","A",-0.897803645435986
"g25278","A",-0.78706461035228
"g10014","A",-1.14098438574098
"g2385","A",-0.987302487475739
"g5141","A",-1.47344977846585
"g26972","A",-1.74208160026518
"g24","A",2.93060476417458
"g935","A",2.29206456317035
"g12821","A",1.27757949438057
"g6287","A",-0.779939925058455
"g6698","A",1.58057216673987
"g15878","A",-0.749129540867592
"g12249","A",1.52095883641128
"g10781","A",-0.808050063609146
"g27252","A",-2.61697828781384
"g5388","A",-1.14881478135754
"g563","A",3.05766744386681
"g15887","A",0.82674215799857
"g21199","A",1.96774432834398
"g27425","A",-1.05948253421865
"g24162","A",-0.898704137871357
"g10268","A",1.51317658909082
"g1349","A",-1.76675928860701
"g7353","A",-3.17363735497746
"g20758","A",-1.67831707623184
"g1910","A",1.74014476627244
"g9048","A",0.854152206442299
"g15857","A",1.30342211093339
"g6276","A",-2.14041485202618
"g1342","A",0.819299237139566
"g2414","A",-0.920014722489333
"g7420","A",2.05004620488958
"g7995","A",-1.05815769449507
"g27159","A",-4.57198353634104
"g17449","A",-1.28607062337196
"g3898","A",0.958575538938379
"g11843","A",-1.0221085002015
"g16759","A",1.50182288734007
"g13206","A",1.30459588738195
"g5056","A",2.97463868685426
"g6400","A",-0.882967891398196
"g21964","A",1.64208742367196
"g3119","A",1.08650121312965
"g24269","A",-0.762320963577824
"g16794","A",-1.19952456759587
"g29715","A",-1.08889196140829
"g16256","A",0.6887916823318
"g25121","A",-5.72710325829392
"g966","A",0.9444759552954
"g8238","A",-1.01246800400485
"g11561","A",1.20208324780702
"g343","A",1.93355152967286
"g17293","A",0.910298502708043
"g2171","A",0.960602149862835
"g26907","A",-1.40461479846346
"g14710","A",-1.67638455896506
"g29374","A",1.19398210047998
"g12638","A",0.792600187777422
"g6674","A",0.845577436998331
"g18584","A",-0.696353578463888
"g26881","A",1.29894939156267
"g20804","A",0.739231140047366
"g12210","A",1.27364780406276
"g3332","A",0.915458154172266
"g5864","A",4.52397976857364
"g2065","A",1.32512505453654
"g3005","A",-0.993840475642546
"g21206","A",0.764461663371497
"g24957","A",1.11892792809991
"g2093","A",-1.83031317097701
"g1122","A",0.739475947657364
"g7440","A",-0.655230606586244
"g14783","A",-1.46885194844857
"g11198","A",0.690756617671847
"g14085","A",-2.3678863191199
"g19705","A",0.835624756693643
"g27536","A",-2.06987809612179
"g10729","A",-1.05117363092213
"g4829","A",-1.20550700549871
"g2084","A",-1.64856709823248
"g16803","A",0.927683693662293
"g24334","A",1.1555588512388
"g4762","A",1.34406044240608
"g5137","A",1.00406983452041
"g15860","A",-0.767257676948712
"g678","A",-0.968298964521464
"g2078","A",-1.14728943690544
"g16247","A",-0.820341729151857
"g22707","A",1.30445083985572
"g20142","A",-1.20382793116654
"g10136","A",-1.50604772856479
"g13258","A",2.71338729801208
"g6324","A",0.97824238465008
"g4172","A",1.17391307227305
"g12836","A",-1.81621074547454
"g20175","A",-0.907418191161072
"g5714","A",1.63226248370028
"g3936","A",5.26360537688816
"g16006","A",1.18439421386804
"g11137","A",-3.97047384788411
"g15895","A",-0.919776021155302
"g7457","A",0.775745431727941
"g17801","A",0.986535215735499
"g5668","A",-1.36295078012053
"g23140","A",-0.842690239843964
"g3200","A",-1.05725085912043
"g743","A",-2.21658940570416
"g27219","A",-3.49248168379408
"g20783","A",1.49564323320749
"g28809","A",-1.18972377835643
"g658","A",-0.974104169520599
"g10327","A",-1.73513031548732
"g24913","A",0.841887156445619
"g972","A",1.96754224008131
"g15030","A",1.33756465419105
"g8975","A",-1.32056738691203
"g16562","A",0.830391091314543
"g7464","A",0.769085596065564
"g21363","A",-1.10832343547376
"g21388","A",-1.06889098649155
"g4081","A",-1.13955312850011
"g14443","A",-1.46737733676491
"g3267","A",-0.935947288089704
"g17773","A",-1.0831858877173
"g27437","A",-1.2459107075311
"g17287","A",-0.912727846917442
"g671","A",-1.00671719139785
"g11383","A",1.10175319591684
"g28802","A",-0.803141069636413
"g18788","A",1.19494431923814
"g11454","A",0.7922730852007
"g26099","A",2.16727209794893
"g16110","A",0.836874953823388
"g14564","A",-1.17726077945517
"g23302","A",-0.731154055561024
"g29381","A",-2.02730696788678
"g18685","A",-0.927852396434632
"g638","A",-1.05017123914731
"g23797","A",0.771553359721494
"g27283","A",-4.35046108050263
"g2001","A",1.0715362221003
"g28373","A",-2.19782774479254
"g12540","A",1.2292373605201
"g256","A",1.71591465045662
"g626","A",-1.19775951236755
"g23791","A",-0.79926447821313
"g6391","A",0.887740229678479
"g24080","A",-0.863089105778713
"g14861","A",1.75518891038774
"g17051","A",1.35560998103805
"g23952","A",-0.876371842945339
"g19818","A",-2.11006171446603
"g5866","A",0.889371908613403
"g13361","A",1.65465680559776
"g18391","A",-0.769001699998428
"g1287","A",2.97373156209289
"g12629","A",5.38676803031286
"g27534","A",-1.97249949682078
"g817","A",1.53781006226699
"g9027","A",2.84142462096754
"g18572","A",2.03161673504711
"g5879","A",-0.744595481491847
"g16650","A",0.932678477188412
"g731","A",0.66019675697989
"g16744","A",-0.992033807609543
"g17228","A",-0.947954474322605
"g59","A",1.38341538117339
"g279","A",-1.00695859650889
"g22625","A",-1.79052426316674
"g25202","A",-2.24131143244289
"g11202","A",-0.990479899926588
"g16381","A",-0.942023772374222
"g17211","A",1.97919307845254
"g28382","A",-1.39898482548123
"g13536","A",1.11739716113881
"g22171","A",-1.01524928919991
"g6486","A",1.51808234259472
"g14062","A",-3.76291568138645
"g28894","A",-1.39698195268217
"g5085","A",-0.901702280698382
"g18814","A",1.69768017023622
"g23344","A",-4.70395032494835
"g22320","A",1.85342221907139
"g2097","A",1.28259472388214
"g422","A",0.695601942719258
"g4320","A",0.787323175274785
"g499","A",-1.75897779095805
"g1659","A",1.99188882836757
"g7398","A",-2.21029840282797
"g13330","A",-1.05354114364754
"g16398","A",0.939527849714836
"g9991","A",0.731254977459486
"g25504","A",-1.44790519827355
"g1364","A",-0.780916722048186
"g6684","A",1.09871446907409
"g27006","A",-0.851439688245515
"g29375","A",1.3931838625629
"g14436","A",-1.28893975149867
"g22525","A",0.990066670811766
"g2343","A",1.11735099664789
"g13442","A",0.746725605976184
"g14280","A",1.59317998250556
"g182","A",-1.24410822841165
"g25225","A",-1.1002545462522
"g5710","A",-1.1827853866148
"g2589","A",-0.667124489712963
"g26892","A",-1.23397153534981
"g17220","A",1.79851941276602
"g12379","A",-0.715617048128547
"g10600","A",2.711455608706
"g24920","A",-1.11647921660114
"g6173","A",-1.56556197837242
"g16772","A",1.14934645380066
"g10442","A",1.68148456340708
"g24231","A",-0.885564509694889
"g23179","A",-4.22334389984625
"g13358","A",1.58133056661673
"g26119","A",-0.832578911499029
"g1253","A",-1.94227481681683
"g17180","A",-0.851075076973858
"g26880","A",0.95955555675817
"g10545","A",-1.049556521079
"g4745","A",1.49244200631934
"g19668","A",1.10847549148606
"g22567","A",1.27192532399535
"g17994","A",4.92574816460829
"g20781","A",1.30696415735968
"g16865","A",-0.935910155413763
"g1952","A",-1.5335979969768
"g9264","A",0.939357779221134
"g656","A",1.8979539354843
"g9265","A",1.31615660750797
"g23331","A",-1.01011509569935
"g8135","A",-1.47110798639588
"g17195","A",-2.37985032059306
"g5288","A",1.70504313138487
"g8069","A",0.825960714531377
"g9278","A",0.979280153373227
"g2544","A",-1.2082175906143
"g14261","A",-0.841869197930187
"g14064","A",-0.994295057127325
"g15876","A",-1.23180893243997
"g429","A",1.17038917487056
"g1379","A",-2.30313579712451
"g3302","A",0.94084833390014
"g11470","A",2.04106386653014
"g27157","A",-3.76544014530648
"g19634","A",-0.776533431905188
"g4930","A",2.86325410740564
"g207","A",1.61778295527603
"g16806","A",0.895884856543828
"g49","A",-0.851992702295305
"g13389","A",-1.08955352264518
"g24971","A",-1.2378785174978
"g21109","A",-0.590236220495676
"g14370","A",0.827100929471074
"g4933","A",-0.76705333673858
"g4862","A",-1.11157975012139
"g14708","A",-4.06091168109978
"g283","A",-1.09557122847194
"g2024","A",-0.804587817346219
"g7232","A",-2.85272904726991
"g7981","A",-0.673887329547369
"g14679","A",-1.35777610809869
"g24076","A",-0.769606734726152
"g17752","A",1.04603093480919
"g23252","A",2.93042084411001
"g21372","A",0.776344555507855
"g2304","A",1.24825028624619
"g24014","A",0.948667661034561
"g20938","A",0.996006822964407
"g16852","A",0.948890855855213
"g5824","A",-0.70194661631974
"g7070","A",-0.878848334680881
"g19921","A",-1.26778642729166
"g12348","A",-1.17647819346637
"g11207","A",0.79534848038812
"g25186","A",-1.10907097918011
"g19709","A",-1.05958433171071
"g4969","A",-1.58798076762384
"g24181","A",0.992894984664795
"g4819","A",0.8311586010779
"g6542","A",2.45837509940106
"g12620","A",-2.47352777278807
"g17332","A",1.0929601407932
"g1861","A",-0.724717821782794
"g4816","A",-0.777640976783198
"g6170","A",1.41531607794808
"g6376","A",0.778712024512241
"g10466","A",-1.2025018451905
"g24158","A",-0.618653617519268
"g14838","A",0.872161379188703
"g7445","A",-0.935061223816854
"g4713","A",-1.81437886424641
"g19601","A",-1.42407297988787
"g21357","A",-1.25815456979854
"g25029","A",0.995611688815575
"g3623","A",-1.09763657738691
"g17259","A",1.89546527553019
"g14528","A",2.67514928754869
"g19415","A",-1.73652664678031
"g5048","A",-5.17730180453427
"g3079","A",0.809727963465297
"g19817","A",4.83151952805532
"g3912","A",1.03461850848539
"g16668","A",-0.992126196036969
"g18785","A",1.94022422469392
"g24927","A",-1.1815750320801
"g12083","A",1.29501641370733
"g17766","A",-0.859908911134646
"g16127","A",0.790993373226765
"g21986","A",-1.06709162316001
"g15855","A",1.48222211048715
"g1954","A",1.67777424384684
"g27240","A",-2.85794285146353
"g1326","A",0.968293829745252
"g7758","A",-1.26061235690606
"g10019","A",1.37466112894565
"g8343","A",0.779969953316138
"g2688","A",0.865878398424787
"g5711","A",-1.11103371372617
"g16484","A",-1.05037152097849
"g6443","A",0.593513126451895
"g24958","A",0.612371210169487
"g28827","A",1.32641885111274
"g7544","A",-1.0161373722556
"g23243","A",-1.10984228987958
"g24171","A",-0.853364977111464
"g11100","A",0.653554588983847
"g673","A",0.945468630947971
"g15853","A",-1.12079585210241
"g6336","A",0.64610875128739
"g17236","A",-2.69992334073505
"g20288","A",1.1399821689087
"g23089","A",-0.861367291764034
"g14673","A",-1.03173207838248
"g22173","A",1.06316308084312
"g1610","A",1.06235938003324
"g10500","A",1.87549029997232
"g7072","A",-0.874470860699012
"g12907","A",1.17963181270001
"g27171","A",-2.38651899306043
"g21366","A",1.68021895218774
"g16740","A",1.10393721223743
"g14781","A",1.62248708367591
"g19919","A",-0.78295461782713
"g17085","A",0.850455992507296
"g12796","A",0.595102481012674
"g2008","A",-0.799150421835343
"g20394","A",-0.839595176558065
"g2013","A",0.916044388047257
"g5298","A",-0.917591095057115
"g9954","A",-2.71512609078466
"g10269","A",2.32800894521429
"g21953","A",-4.1686900986443
"g9064","A",-0.795803347128936
"g14613","A",2.2117695069477
"g20289","A",0.854218750751503
"g12872","A",1.3398877676594
"g21267","A",-0.669075946574955
"g25067","A",2.10755141214607
"g17303","A",-1.15985325195328
"g27396","A",-1.66348819584783
"g21996","A",0.828886777302394
"g23836","A",-0.664423530797854
"g11604","A",-1.05816764574583
"g27270","A",-2.1146342466384
"g27174","A",-0.95394757083929
"g8962","A",2.00970427161321
"g9043","A",-0.658303392469801
"g4976","A",-1.09808020376681
"g8922","A",-0.913334350012001
"g23119","A",0.743394745121136
"g20889","A",1.12495798011443
"g3511","A",1.82633462549555
"g14714","A",-0.913133949441035
"g20018","A",1.13779879114686
"g1641","A",0.774139462620316
"g1930","A",0.931369571424914
"g3105","A",-2.81841753726917
"g21449","A",-1.17729610500973
"g1325","A",0.947515003158752
"g7747","A",0.819224660980212
"g27","A",0.701500660155805
"g6183","A",1.69810541502086
"g2701","A",-0.850414930793516
"g6828","A",1.55496559186695
"g18390","A",0.746156314425721
"g1605","A",0.518848297269507
"g1363","A",-1.47147837837952
"g3352","A",2.12009977009318
"g6634","A",-4.33690124755092
"g25224","A",-1.72810911131921
"g22409","A",-0.807919074074866
"g1301","A",2.44107871722408
"g24939","A",-1.14572523904192
"g21012","A",-0.848421254358852
"g16113","A",0.847360056202406
"g23870","A",-0.820108695797998
"g2424","A",-0.73877613383481
"g10247","A",1.03837671790663
"g22134","A",-0.964075824168457
"g16667","A",-0.684822621988926
"g19922","A",-0.953672278256203
"g9056","A",1.11756242749557
"g8068","A",0.79985311482948
"g11034","A",0.612246706525461
"g11102","A",0.852552522485282
"g17328","A",1.09145891200876
"g27550","A",0.860530448623075
"g17878","A",-0.687907115117523
"g13207","A",-0.923049191039406
"g12601","A",2.07091136917997
"g6344","A",-1.06457580580788
"g23213","A",1.93833317838874
"g137","A",1.95456231863695
"g19896","A",0.805669474435173
"g27331","A",1.46532990125416
"g22422","A",-1.193641081077
"g5142","A",-2.1177555066933
"g27039","A",0.753419560278215
"g21054","A",-0.877191810963864
"g17450","A",0.748875202266528
"g14371","A",-0.771073446442868
"g15839","A",-1.17229660356384
"g10261","A",1.40779983618155
"g23206","A",-0.779742501900239
"g17764","A",1.05352239251969
"g25413","A",-1.97036608284359
"g17858","A",0.676369167136305
"g14834","A",3.41251054566398
"g16750","A",-1.13962728303665
"g6441","A",1.04029236877495
"g14574","A",-2.14932452057554
"g23246","A",2.10039168598723
"g22761","A",0.598693023451119
"g7880","A",-1.0581622762472
"g25316","A",-1.11748900382006
"g27328","A",1.30537338874597
"g28428","A",3.45523873974095
"g7286","A",-0.808932865508351
"g18397","A",-0.866674666965922
"g22185","A",-0.744992183383827
"g7536","A",-0.928196002592455
"g12654","A",0.81255975216229
"g20776","A",0.679531309692917
"g25359","A",0.700832038124663
"g20665","A",0.902413394227738
"g16785","A",-1.27773197716124
"g27246","A",-2.33286869363134
"g6730","A",0.641010515817282
"g3913","A",1.54660662315902
"g1292","A",0.910960795997587
"g2987","A",0.888337363845089
"g16793","A",1.05952199539799
"g5259","A",-0.777385403409714
"g2863","A",0.766136651374779
"g216","A",-1.16550533345093
"g3185","A",0.864573767577599
"g15974","A",-0.859474939068024
"g28981","A",-2.30517635447293
"g3950","A",-0.790999959717051
"g14995","A",1.41859657919901
"g12607","A",0.672607860128604
"g8979","A",0.737886252787133
"g20354","A",-1.0504160151751
"g8062","A",1.97294622858872
"g14558","A",-4.39457123812559
"g18739","A",1.24065386224086
"g7432","A",-0.888077093157219
"g26100","A",-1.45276598884622
"g629","A",-0.805320547625969
"g25356","A",0.714879723060512
"g21190","A",-1.93718928830685
"g13299","A",2.61342065543855
"g19526","A",-0.882674823252034
"g7203","A",-1.04516995536027
"g28241","A",-1.30196097592421
"g7226","A",2.64120704097464
"g21035","A",-0.902214339810192
"g16913","A",-0.973042982496089
"g10294","A",0.906478669354236
"g14731","A",1.1901525821579
"g24044","A",-0.845205453538715
"g27243","A",-3.52889544509094
"g18813","A",1.73772203216011
"g3324","A",0.59082572750084
"g4272","A",-1.75930368447477
"g98","A",-1.00488189673036
"g9236","A",1.4992748420139
"g15029","A",1.33400664183629
"g1894","A",1.17339271655519
"g1038","A",-0.679398492699123
"g24356","A",-0.608845083594364
"g14863","A",1.77314624332378
"g15799","A",0.937041950466185
"g18458","A",-0.699968682032345
"g9270","A",-0.703701778187054
"g14667","A",-1.47995438483437
"g16610","A",-1.10102295732758
"g17300","A",-1.04491446410724
"g25129","A",-0.730030212751877
"g18582","A",2.84179545187971
"g24381","A",-0.592668760966752
"g2417","A",-0.759581954391649
"g6519","A",3.47696891160402
"g10144","A",1.18611171147616
"g21051","A",0.909921946204752
"g12008","A",0.88846861836387
"g14658","A",0.7727552100035
"g14056","A",-0.822103320653049
"g28221","A",-0.947445280066346
"g23801","A",1.46986490041086
"g12085","A",2.87970829139231
"g401","A",1.13665428002319
"g24315","A",-0.75362885311257
"g1375","A",1.1779914536334
"g10300","A",1.56342131811188
"g1029","A",-1.20757327766828
"g4865","A",-1.29271761731592
"g14684","A",-1.02085542981958
"g24072","A",-1.06481988125179
"g3355","A",1.23608048963437
"g12247","A",1.19126451061335
"g6377","A",0.907643106247263
"g19898","A",1.61495398118005
"g14680","A",-1.0828192311642
"g9277","A",0.825930838422127
"g1653","A",-1.09005737362618
"g12792","A",-0.961521408140447
"g5397","A",-0.810570224247005
"g4734","A",2.64958172621063
"g15865","A",0.814072322640204
"g10550","A",0.483795087144162
"g11212","A",-0.866135096640054
"g12603","A",0.955010068146096
"g18480","A",1.04709768025373
"g24968","A",-1.5224880593507
"g22421","A",0.872454149340906
"g7859","A",-2.14208467913183
"g14256","A",-0.809621943763517
"g7833","A",-0.769910553358819
"g27323","A",0.629377005425218
"g10317","A",1.19481473188379
"g10552","A",-0.933217091575129
"g22405","A",1.29821113366435
"g6622","A",-1.58169185903411
"g1324","A",0.615340358437002
"g16039","A",-1.12040901158391
"g2346","A",-4.57343173052292
"g18455","A",0.592873705251004
"g22523","A",-0.661572778308242
"g29139","A",-0.679223223968594
"g1359","A",1.2352836581065
"g1647","A",0.752758782102476
"g10861","A",1.61704200917482
"g23787","A",-0.857779677936631
"g17317","A",1.41610943878374
"g7708","A",-0.959810958252469
"g8848","A",-0.784435871447752
"g3340","A",-0.960916505467754
"g10495","A",0.831460643801929
"g21505","A",-1.18981262194447
"g1947","A",-0.868579200995422
"g19722","A",0.702410246305342
"g25414","A",-0.976995450851545
"g16755","A",0.784751363491986
"g22116","A",2.85594722370098
"g7795","A",0.720838619357402
"g448","A",0.578830249550783
"g11991","A",0.723470988847645
"g16664","A",-1.25459943046918
"g27552","A",-1.43137050110143
"g26934","A",-1.06489294716765
"g7063","A",-0.851468446963232
"g2973","A",1.12250269273866
"g17288","A",0.661042094907527
"g20694","A",0.91831517832113
"g11206","A",1.46283673582545
"g17078","A",0.658394276422894
"g14715","A",-0.98670677142091
"g6312","A",1.43821428690278
"g7453","A",-4.15615383094001
"g17828","A",1.08396102022096
"g6840","A",-0.794010027652175
"g19841","A",-0.941319425647395
"g16871","A",-0.946911749539092
"g7535","A",-1.01815994768828
"g10440","A",1.51681387246512
"g24081","A",-0.720842161208497
"g21921","A",0.669672862585598
"g5660","A",-0.826104113485753
"g16961","A",0.967434574509284
"g1238","A",-0.801380096899689
"g2546","A",0.82494254329424
"g2248","A",-0.67985266712283
"g19000","B",5.14360992120053
"g22743","B",2.94335409878358
"g27968","B",-5.59083450601429
"g28080","B",3.17524338681485
"g13733","B",-5.0046126996671
"g24979","B",-6.47076507954119
"g22912","B",4.27355604864195
"g27749","B",-5.00638679803467
"g18169","B",-5.66761544550666
"g16571","B",3.87148075719435
"g18170","B",-5.70145079302694
"g13706","B",-4.23033684486503
"g15694","B",-8.93916942645282
"g18111","B",3.27261672181713
"g13734","B",-2.6339773815372
"g13979","B",-2.95782516890194
"g26757","B",-4.2570529785451
"g15137","B",3.26507554485043
"g24550","B",-5.50930339157495
"g7221","B",-3.89354883423747
"g7262","B",-4.08778690269769
"g18155","B",-3.17014897529413
"g16530","B",-5.37229298448252
"g13735","B",-3.57406422119402
"g8719","B",8.93332254572008
"g5991","B",3.71507846080121
"g8680","B",-3.54435473857097
"g8378","B",2.78693615881078
"g13190","B",5.09486058046137
"g18154","B",-3.16286869855444
"g24459","B",2.63607405999248
"g5489","B",-2.08722417215021
"g23713","B",-5.07351589130336
"g9618","B",-1.61164369435993
"g13076","B",2.83244170608744
"g23762","B",3.87392666065037
"g8679","B",-3.93159886970432
"g17539","B",2.06315165196028
"g13705","B",-2.67548520537296
"g17520","B",2.88370691063221
"g23690","B",-3.2660326876225
"g19413","B",-3.56006424427829
"g24862","B",-2.63459727962029
"g17984","B",-2.67522651417652
"g17640","B",-2.50050765952327
"g19629","B",-3.83460289910864
"g17795","B",2.02163282214581
"g4001","B",-2.93233221687475
"g15579","B",-2.475687835558
"g8728","B",1.56905323605301
"g9960","B",-2.879515087873
"g19412","B",-3.71514689279894
"g25642","B",2.5686585434734
"g13704","B",-2.75926565886839
"g28205","B",-2.74112885817294
"g15675","B",-2.5970244638594
"g16538","B",-4.7008012903145
"g2706","B",-2.44929839566834
"g13731","B",-2.53236032727862
"g27974","B",3.99844760937704
"g14735","B",-3.24085222459253
"g27911","B",2.63925667162308
"g27689","B",2.39182936799521
"g17488","B",-2.95858523784533
"g16598","B",-1.95864970619653
"g23502","B",-2.10063280911183
"g24667","B",-3.32951982671102
"g15268","B",2.51560670189568
"g17671","B",-2.65071707886366
"g17703","B",2.62655903135863
"g13730","B",-2.13782038380556
"g9453","B",3.46769492950403
"g15379","B",3.90764234130327
"g15328","B",1.67562347403615
"g18050","B",-2.54127325085167
"g20367","B",-1.84487324129683
"g25663","B",1.63131268885096
"g9501","B",-2.42016282197399
"g25518","B",1.25485983825446
"g8474","B",1.87607219664876
"g2289","B",4.33576775943894
"g15533","B",1.83891890978445
"g5808","B",2.46234031163578
"g15790","B",1.9079168715076
"g17985","B",-4.49910795336282
"g3894","B",1.63475813453879
"g15506","B",2.14508814624984
"g8545","B",-2.85947842595461
"g8757","B",3.02288692220737
"g27692","B",2.40373522859405
"g11832","B",4.05483949822574
"g15702","B",-2.65404204975175
"g10330","B",-3.27153285651147
"g25896","B",2.77468466929409
"g19530","B",2.0098196331897
"g20427","B",2.10055707546401
"g17658","B",2.00285864241174
"g4683","B",-3.84961142612296
"g13032","B",2.44740413988398
"g15397","B",3.82377706219067
"g19483","B",1.85428544397125
"g7541","B",2.55600438207924
"g15789","B",3.23571600203087
"g23455","B",1.42382083576028
"g5999","B",-2.03829860084349
"g19498","B",-1.8915063875893
"g24799","B",2.13793035080186
"g27903","B",3.27594342258195
"g1427","B",1.28217354657512
"g18101","B",1.99723685823856
"g17548","B",1.36594522240842
"g19625","B",-3.27536227507899
"g25759","B",1.46153321578044
"g9883","B",-2.99412927030833
"g3677","B",1.31339661291634
"g19626","B",-3.14754337082213
"g23539","B",-2.71004887005218
"g9862","B",2.67114786143199
"g27967","B",-2.72184770718509
"g27904","B",3.51492805702186
"g14040","B",3.78630433125878
"g4434","B",2.13120864249772
"g25542","B",2.37504965106693
"g26607","B",2.1809461956722
"g23677","B",3.60255723300303
"g8576","B",-2.36482117922237
"g18160","B",-1.86018655305354
"g2874","B",1.96141901288732
"g2876","B",1.86687979193715
"g17669","B",2.51025611309677
"g27902","B",-1.99018276470703
"g26784","B",-2.19781587124677
"g17971","B",2.44743600849609
"g8654","B",-2.04867254448273
"g12037","B",1.97592662641457
"g12989","B",2.64517280850395
"g21666","B",1.5039406873267
"g25970","B",3.51101053425125
"g4666","B",-2.30400258845578
"g8411","B",3.4321798022788
"g6218","B",1.83159374135621
"g18330","B",1.90474144403849
"g18159","B",2.44351894886579
"g15118","B",2.96222072920916
"g23543","B",8.80256161564663
"g8636","B",1.24076884862608
"g21804","B",-1.82563101768687
"g26690","B",1.45810841286801
"g23676","B",-1.38985628382492
"g4513","B",2.22793823041511
"g2875","B",2.04124777879618
"g27694","B",-2.20729981208836
"g18158","B",2.82443604030195
"g25423","B",1.05962125232626
"g28666","B",2.29795134284699
"g26691","B",-2.57413170126563
"g17772","B",-3.05445363073573
"g1537","B",-1.53505744392782
"g16404","B",2.48129415991249
"g25622","B",-2.47777783544704
"g4660","B",-2.0991663776966
"g23691","B",-1.78600711787928
"g25797","B",1.44729931720269
"g26068","B",-1.56743760728107
"g15585","B",1.36304290635562
"g25727","B",2.95012476487705
"g26321","B",2.08311711463571
"g14288","B",3.05060408718911
"g8755","B",-2.14705447694968
"g15487","B",4.08090672613823
"g6164","B",-3.07102806498951
"g13986","B",3.45012059658511
"g16352","B",-1.74558212056857
"g4677","B",-2.37500848784028
"g19496","B",-2.38076621417359
"g24455","B",-1.50855058378439
"g3497","B",-1.76139190754
"g8669","B",1.56087093333663
"g9598","B",-1.98719192040151
"g8457","B",1.91833218934436
"g25962","B",1.42929514297826
"g3977","B",1.93222899536517
"g22899","B",-1.84139105336127
"g5483","B",3.56081551072356
"g23499","B",-1.82882410277504
"g25378","B",-1.26329831121276
"g12491","B",-1.83193679812322
"g25762","B",1.78736269265471
"g17725","B",1.47426546226734
"g22769","B",1.24115933324669
"g15673","B",2.83097101544668
"g17797","B",-2.10042602036946
"g22869","B",1.59472529640061
"g23669","B",1.44308412604519
"g28766","B",1.49122850669823
"g8501","B",-1.38103437751824
"g18166","B",-1.66408711651584
"g4665","B",-2.09065391896799
"g26667","B",1.84821348090392
"g24458","B",5.04107843385768
"g9499","B",2.56614392907752
"g13847","B",1.34700904402464
"g23689","B",-1.22739179803821
"g9787","B",-1.27094632758877
"g9536","B",1.47641107976161
"g16531","B",-4.45523625465039
"g26495","B",2.17702451909373
"g17462","B",-1.62871371462386
"g25911","B",0.963791300634167
"g3701","B",1.16307414873263
"g8671","B",1.9341972894696
"g28351","B",1.85516440166605
"g26696","B",-1.82567785758163
"g16542","B",1.65241934714086
"g13112","B",1.7757790768494
"g26749","B",-2.57285095373865
"g19411","B",-3.6870842866192
"g26724","B",-2.21146765341713
"g28687","B",2.12999878244207
"g9939","B",-0.966075699144158
"g5528","B",-1.23741309043721
"g17599","B",0.997096147795327
"g25041","B",-1.44557058572787
"g20590","B",-1.62247950532004
"g27909","B",1.89337604485151
"g26787","B",-2.42100512881779
"g13572","B",-1.35434647717344
"g15759","B",2.5319308651072
"g25443","B",2.4824984168348
"g20215","B",2.8253019348029
"g25590","B",-1.16366043063785
"g27680","B",1.57852831741677
"g26640","B",-1.49769975074153
"g8458","B",1.96235618904232
"g15488","B",4.43009129994695
"g3592","B",-2.56895347922666
"g8774","B",-3.30393258958239
"g22676","B",1.81258395853073
"g17894","B",1.51135744573166
"g26697","B",-1.71899830612497
"g17934","B",1.69225986944266
"g28124","B",1.14658145511116
"g28020","B",-2.35542736385766
"g7112","B",1.64078781240562
"g13844","B",-4.14829711038022
"g24388","B",1.45065039909802
"g17457","B",1.43006333477138
"g15635","B",-2.49062450071688
"g9502","B",-1.27541717389853
"g15634","B",-2.53716405022211
"g2275","B",1.70387579918303
"g5519","B",-1.24259773989284
"g28750","B",-1.1058652829545
"g6028","B",2.29092766635838
"g24645","B",-2.28425488519491
"g19558","B",3.41017508016174
"g16550","B",-1.34034698029193
"g6262","B",-2.74087173032458
"g15562","B",1.5221227556239
"g13924","B",-0.927586584065906
"g13945","B",-3.04101672209664
"g26665","B",3.33937408171096
"g9383","B",1.49219130181936
"g2290","B",1.62009734997811
"g16354","B",-2.00814239109262
"g22779","B",1.10071106895158
"g26664","B",-2.72539171289945
"g3372","B",1.34732578679612
"g9941","B",3.65116669532759
"g24605","B",-1.53202842595496
"g19407","B",1.73143400619569
"g26468","B",-2.2269757178957
"g25490","B",-1.89155073271743
"g9710","B",-2.35625432414903
"g17677","B",0.776157537180334
"g15149","B",-1.81893609222679
"g17676","B",0.925320071535646
"g17594","B",-1.26549005871768
"g21876","B",-1.59062513056667
"g8673","B",-4.16993863168151
"g2450","B",-1.13767157512496
"g22837","B",1.28689402597739
"g20626","B",-1.21570516854749
"g24386","B",-1.22635908953115
"g17708","B",-1.72613641326338
"g24457","B",-1.14989114266261
"g25690","B",2.19025921798197
"g19671","B",2.20376430451214
"g2319","B",-1.64181007313867
"g23524","B",-1.21476380162941
"g1547","B",2.84249564386654
"g19589","B",-2.98564274546633
"g24421","B",-1.48618713066487
"g12373","B",-2.38947114885673
"g22792","B",-1.48679030823339
"g4678","B",-2.04301191039512
"g25975","B",1.08191770155338
"g12487","B",2.72954604801515
"g6090","B",1.70689080336499
"g26609","B",2.93356164440679
"g5901","B",2.37210984619577
"g26763","B",-0.991045577543369
"g4684","B",-1.87583166581196
"g17924","B",-1.2845567566771
"g16634","B",0.854664237322897
"g8463","B",1.38513916044583
"g8733","B",1.10127788916796
"g26748","B",-6.44008899739753
"g1482","B",-1.61550148509844
"g17933","B",1.6462176415551
"g1552","B",3.81258362245765
"g23540","B",-2.05662369288251
"g17518","B",1.19150351005378
"g9599","B",-1.00207186099617
"g27591","B",1.19433664199832
"g9693","B",-1.16402461522304
"g12374","B",-2.13333796505869
"g9909","B",-1.60045190526555
"g9416","B",1.66743666691994
"g24404","B",2.32032729561992
"g14747","B",2.2748208683896
"g13991","B",-1.54551871063449
"g24853","B",2.95754058319039
"g17895","B",2.02906687181571
"g25761","B",4.26593075624988
"g12687","B",3.40396644415733
"g18331","B",-2.6099973147549
"g9803","B",-3.86143836615443
"g25847","B",-0.905361106358102
"g14030","B",-1.62675499299127
"g21811","B",-2.16562490477089
"g15410","B",-1.88992528954895
"g8777","B",-3.18616764242165
"g13708","B",-4.0944936387389
"g13876","B",2.87083784104833
"g28036","B",1.31692220857943
"g18179","B",1.14911874239261
"g10637","B",2.35507036116656
"g15211","B",1.1516842668781
"g3670","B",-1.67618356014157
"g25376","B",-1.10020660306063
"g3362","B",-1.16600139569734
"g26514","B",-2.26909662754472
"g24553","B",1.85814122201928
"g9124","B",-1.15229117184576
"g24562","B",1.32183725164647
"g8660","B",1.47393221740257
"g23505","B",-0.984933258489997
"g9945","B",-1.1545681190066
"g5810","B",0.855371527450507
"g23513","B",-1.20591016959693
"g22968","B",-1.1432065089398
"g8448","B",1.62752152743185
"g18978","B",-2.2631898114038
"g8737","B",1.18028172453971
"g24544","B",-0.822612549102086
"g28344","B",-2.16548277064293
"g6970","B",-1.82958715130666
"g27839","B",-1.70094452075745
"g8670","B",1.75815859834115
"g8762","B",-1.3762958670797
"g14805","B",-1.91710470799929
"g16350","B",-1.99390572784023
"g3525","B",-1.73160794600053
"g5959","B",1.01802635230884
"g13391","B",-1.01992862764487
"g13887","B",2.0558518718896
"g26466","B",-1.37829387317522
"g21674","B",-0.745066093828856
"g15693","B",-5.64726790995165
"g14034","B",-5.48115872309029
"g15597","B",1.58470339232626
"g13941","B",-1.62604590283082
"g26310","B",1.86082378715208
"g23542","B",1.45436169361105
"g26624","B",1.4289342271443
"g13848","B",1.40449690170183
"g8650","B",2.19955361419406
"g28123","B",1.76378107897293
"g17972","B",0.983807951886112
"g25599","B",0.933027839230674
"g26479","B",0.978149463248611
"g8583","B",1.25128358565274
"g12484","B",0.721242160551113
"g10328","B",-1.92960516072741
"g26267","B",-1.16754450540236
"g20480","B",-1.58488561519143
"g9384","B",1.30073088106913
"g3593","B",-1.29424282734977
"g23688","B",-1.1414184948729
"g28633","B",-1.27688243349358
"g8729","B",0.890834642465505
"g26313","B",-1.50581277793121
"g6220","B",-1.17683856805519
"g4492","B",1.81188190956615
"g23536","B",-0.936255303653809
"g5997","B",-1.18658640561355
"g27854","B",1.5549237338329
"g24850","B",2.91104718684058
"g29314","B",1.63631648634523
"g2708","B",3.78934720480232
"g26780","B",1.25250846044568
"g14724","B",1.32673089458098
"g12490","B",-0.96472817552573
"g13828","B",1.39930434035209
"g16585","B",0.713083482032895
"g12496","B",2.48464767213313
"g2896","B",1.52526343992629
"g7061","B",-1.26440291808144
"g26077","B",-0.941813599281551
"g4015","B",-1.9795315231915
"g27629","B",-1.20206078196342
"g17445","B",1.43270525099
"g28079","B",1.67439366629435
"g22917","B",1.75969489727489
"g13709","B",-1.5802164067582
"g13985","B",1.97731712843189
"g15387","B",-4.10789653369287
"g8379","B",1.22791018205652
"g13047","B",0.979107755236931
"g15785","B",-1.70715457918379
"g28660","B",-1.24274119126785
"g8449","B",2.06887331196782
"g26438","B",-1.75468808414813
"g5456","B",1.32719476368739
"g9414","B",2.74803937968114
"g6000","B",-0.749433683280787
"g15669","B",1.54314440021613
"g25820","B",-1.12716858142227
"g22650","B",1.73215230307742
"g25436","B",1.51017837914511
"g8584","B",-1.47376686264056
"g9482","B",2.14085460565353
"g25848","B",-0.855655674122728
"g17670","B",1.02531009967374
"g21681","B",-1.86679294975064
"g16388","B",1.56553873547853
"g15452","B",-1.43474885888209
"g27894","B",-2.61758532787635
"g11778","B",1.33524381747771
"g19531","B",1.25002184311297
"g17347","B",-1.06278387002228
"g1601","B",-0.903181680286905
"g24462","B",-1.27343132942765
"g25800","B",1.81837032781583
"g21757","B",-2.02787680402539
"g9123","B",-1.75024470955388
"g12494","B",-1.05615284513462
"g6079","B",0.996952924263563
"g9624","B",-0.883714598303503
"g8753","B",-0.736724247265892
"g23456","B",1.2214421683386
"g25967","B",-1.15695331149882
"g25472","B",1.56804556343727
"g15451","B",-2.1302126913549
"g13849","B",1.59302246343229
"g13033","B",1.76884929827945
"g22832","B",-1.98844718374675
"g16820","B",-1.06877672975855
"g13827","B",1.3692561067664
"g24861","B",-3.37376205865945
"g9825","B",0.920794797938861
"g26314","B",2.11516671564714
"g26506","B",1.00996602057697
"g25312","B",0.930422438061397
"g17631","B",1.1801450666372
"g15160","B",-1.34125148433464
"g20611","B",-1.29525798293768
"g9397","B",-0.84544267406263
"g27919","B",-1.64079769173476
"g8596","B",1.53909070853935
"g25495","B",-0.924308777942327
"g26711","B",-1.401019418882
"g22976","B",2.89489142491747
"g28121","B",0.991424969817869
"g18086","B",-1.07235761104605
"g22738","B",0.733265014410552
"g21749","B",-1.35203221574727
"g18052","B",-0.941429813251984
"g21884","B",-0.952592909201466
"g23447","B",-1.01112184509145
"g9479","B",-1.16973581262376
"g4688","B",0.85872351304795
"g17490","B",-0.882190350120502
"g24461","B",3.06378890057352
"g19585","B",2.1223642481611
"g25901","B",1.07466789736552
"g3645","B",-0.98222306440955
"g6909","B",-1.02317649386577
"g25575","B",-1.94381117330928
"g13925","B",-0.883732417574239
"g3536","B",2.76450071922714
"g24829","B",-1.045829838561
"g5609","B",-0.881362317316787
"g6030","B",0.967816378811494
"g25909","B",-0.878860943636454
"g17718","B",1.79765505057986
"g9483","B",1.29269229410606
"g8384","B",1.03974954923145
"g7615","B",0.799416564339798
"g17636","B",0.848622066049437
"g17668","B",1.46459903227655
"g27647","B",1.45148044256585
"g21690","B",-1.03844402138277
"g26276","B",-0.875310977523375
"g23858","B",1.46928670032655
"g26280","B",0.760967600497178
"g28674","B",0.967854540745328
"g15152","B",-1.44120857701402
"g24456","B",-1.08932585641154
"g4583","B",1.77754715660903
"g26615","B",1.36655410488601
"g15403","B",-3.78635635638538
"g1574","B",1.23340937534136
"g15247","B",4.12287736630756
"g18287","B",1.51690180236423
"g5958","B",3.04662149836833
"g20217","B",-0.880543281627665
"g25529","B",4.32880395192679
"g16579","B",1.55719418621931
"g24873","B",1.1711198956183
"g9947","B",-0.687864851025803
"g6031","B",0.85716671282761
"g1678","B",1.71884613024096
"g15561","B",0.69503416763809
"g17893","B",1.11156680230723
"g23254","B",1.82746155636622
"g16912","B",0.810405982515508
"g23581","B",-0.663242536685165
"g3696","B",0.910485040103934
"g7675","B",-1.41241463635829
"g1594","B",1.47382570134291
"g17629","B",1.25069269624596
"g3634","B",1.64828680102876
"g24859","B",-1.73129288246133
"g22698","B",1.49685318130235
"g17415","B",-1.41943524369199
"g11804","B",-2.11866887006826
"g20593","B",-0.905463330261475
"g18315","B",0.976195114100865
"g22935","B",-1.22054851169638
"g24454","B",-1.5446238989317
"g4500","B",1.35308032376754
"g3453","B",-1.17226335455687
"g2928","B",0.950849625614802
"g13899","B",2.43860257159232
"g9788","B",1.47346915499193
"g3975","B",-0.830198349517051
"g5960","B",1.08476000023001
"g17697","B",-0.831981247104079
"g27646","B",-1.19153502261912
"g24536","B",1.41894232537994
"g13184","B",1.81975932982192
"g7609","B",-2.79572938996072
"g23433","B",-0.727554293099627
"g25968","B",-0.997796373157412
"g25571","B",1.27521608077204
"g2791","B",0.946530730852608
"g26055","B",0.772074070107671
"g1473","B",0.757371864262194
"g21737","B",1.12717904858279
"g22776","B",-0.776184844079977
"g4599","B",0.905189929313911
"g4008","B",-0.685697510422365
"g25721","B",-0.973415600871315
"g3676","B",1.38473554812607
"g25382","B",-1.58150730899215
"g25835","B",0.782781340612269
"g15327","B",-1.06792731029128
"g26656","B",1.09529110181172
"g15671","B",-0.691556739363109
"g17464","B",-1.09796306378962
"g15150","B",-1.24808937981484
"g21620","B",-0.969136144208977
"g23717","B",-0.978924493702162
"g23733","B",-0.849595647415165
"g16514","B",-1.30719149970734
"g17486","B",-1.19217416932588
"g23509","B",-0.649319460303785
"g8486","B",-1.50851835155925
"g6965","B",-0.989351962323063
"g6068","B",0.873740498940701
"g15432","B",2.9067657289962
"g29444","B",1.33988321128554
"g11021","B",1.24743107896892
"g25836","B",-1.55084961213534
"g4512","B",1.02177089373168
"g9500","B",1.97209693438561
"g13990","B",-1.47171302690471
"g21860","B",-0.891935211482532
"g24580","B",3.98224842027222
"g3646","B",-0.75836574765463
"g2318","B",0.902948910786901
"g2930","B",0.800783091356927
"g17770","B",1.37487530331859
"g1426","B",1.04052601373227
"g15205","B",1.1380751542706
"g4444","B",-1.01917132651578
"g23463","B",-0.831383650662587
"g7140","B",1.56921136746276
"g25408","B",-1.51480731557681
"g1551","B",-1.66725580745434
"g12697","B",0.935998596691133
"g12502","B",0.761697595117996
"g13946","B",1.47946915324244
"g24841","B",-0.749501664537013
"g8524","B",-0.609696155646012
"g24819","B",1.82092729786938
"g27857","B",1.28014621320865
"g13671","B",1.63948618988847
"g21665","B",1.16705149282209
"g12544","B",1.10683933980031
"g28076","B",1.19135463039641
"g29457","B",2.37182269214484
"g24823","B",0.837613281318049
"g25957","B",1.61998908563214
"g12482","B",1.22781116466136
"g26755","B",1.9096721957959
"g2573","B",-0.777326178858144
"g6059","B",-1.21825296562856
"g8377","B",1.05112171714149
"g6131","B",-2.04569457160011
"g24699","B",-1.74887111101107
"g12703","B",-1.49657920993656
"g15169","B",2.18570846065975
"g13182","B",0.759768444807154
"g27861","B",1.72272687657547
"g22963","B",-0.753089055880598
"g9454","B",2.58873837231773
"g26017","B",0.700828980680441
"g2806","B",-1.35183997802308
"g2711","B",-0.866141793316235
"g13074","B",0.718912207084494
"g1461","B",1.04957382359962
"g13940","B",-1.11631942149041
"g26482","B",-1.01939397505137
"g22926","B",-0.920142490958046
"g28018","B",3.33543347444466
"g22747","B",-1.038231646214
"g21826","B",-0.857856964613243
"g22839","B",-1.90392195731057
"g26279","B",1.2723248547465
"g14217","B",2.58080446173261
"g3473","B",3.78513414548999
"g10169","B",2.94044203408852
"g5809","B",0.731396473440808
"g8376","B",0.977883119851552
"g13679","B",1.27861708841022
"g28077","B",0.940278954846804
"g13018","B",0.961064774142714
"g6207","B",-0.817009692077336
"g18289","B",0.856266384640931
"g3648","B",-0.779126649309932
"g2902","B",-0.917468278718953
"g26692","B",-1.31720474995774
"g27612","B",2.80025672539693
"g20606","B",1.05848343366475
"g26384","B",-0.843984529796357
"g20589","B",-0.728158866064735
"g3704","B",-0.741650502370608
"g8461","B",-0.971514312740852
"g21886","B",-0.835456045458909
"g22829","B",2.05934036412722
"g8702","B",-1.06869263429187
"g7267","B",2.30004587299844
"g3665","B",-2.04824159820216
"g27656","B",-0.947002731623408
"g9652","B",1.5519733506376
"g23414","B",-0.734996814423988
"g27862","B",3.13817041382867
"g13642","B",-1.51234301383925
"g8721","B",1.55010840408781
"g27876","B",0.721465330251229
"g9657","B",-0.996117871791938
"g13763","B",1.24936555972493
"g13929","B",-1.89214027839395
"g8701","B",-0.69732673684676
"g26668","B",1.65555967743102
"g5983","B",3.38491290573189
"g18041","B",1.11719854104397
"g25931","B",1.25346800202867
"g19554","B",-0.743196501394393
"g2452","B",1.02287151919615
"g4711","B",3.01562321894851
"g8773","B",-2.87069159120595
"g19405","B",1.69436363473107
"g12597","B",0.597389473555733
"g4517","B",0.906857954210411
"g4709","B",1.08935190745492
"g23597","B",2.7364475215561
"g26709","B",0.991324089565489
"g16353","B",-1.38270786363533
"g8763","B",-1.86043802609112
"g29260","B",1.47241336696042
"g26765","B",1.60008407680575
"g8732","B",1.56853901671683
"g18115","B",-1.31156776833453
"g8750","B",0.773621714839992
"g24566","B",-1.96885648775213
"g16282","B",-0.782730359583972
"g15620","B",-1.95793618173218
"g29442","B",1.46160641661592
"g15595","B",-0.558449606511624
"g13172","B",-0.743325734015419
"g15696","B",-1.2869219432232
"g21676","B",0.858590999309747
"g8756","B",-1.0032798008284
"g3681","B",0.801044041091041
"g12990","B",1.68127040618866
"g25935","B",1.10586393107216
"g25419","B",2.36632909804387
"g27655","B",1.28808549742282
"g4537","B",1.00219437020699
"g4685","B",1.70018591073614
"g17656","B",-1.5492466634099
"g25659","B",1.01292379495004
"g13992","B",-4.28776073181751
"g16508","B",1.4881747082801
"g22629","B",0.95024597059849
"g1481","B",-0.972701058233579
"g1503","B",-1.0719117836931
"g15409","B",-1.39255110284745
"g18156","B",-0.710868283067671
"g15674","B",3.16783729454764
"g1500","B",-0.957877909492254
"g25718","B",1.62270590694388
"g15695","B",-2.54186278073729
"g9562","B",0.897338167228895
"g8718","B",5.90266635082335
"g28060","B",-0.749688477002697
"g6905","B",-0.771040721948162
"g25431","B",1.9412110947251
"g12289","B",-4.2419457544534
"g7113","B",-1.54151942342055
"g3501","B",0.640194299544505
"g13947","B",0.856993000241011
"g25974","B",0.830373889838422
"g14022","B",-1.71053389786307
"g26605","B",1.70374805224179
"g25371","B",-0.738947572320545
"g20496","B",0.855966598762804
"g7020","B",0.933185298295005
"g25370","B",1.27292887665307
"g26717","B",-1.49985672532641
"g3471","B",2.19980474794779
"g21645","B",1.53159586464668
"g18176","B",-0.860871905597584
"g8582","B",0.519443007709765
"g2909","B",0.774193361260886
"g17596","B",0.764007234150824
"g8792","B",-0.639362699183501
"g8720","B",2.64210953499571
"g7617","B",0.703048035116527
"g20627","B",-0.854832077099378
"g15330","B",-0.629588365955381
"g9310","B",1.98388199400746
"g29061","B",-2.9272242431074
"g17665","B",0.671959907389957
"g23856","B",-0.885053289940794
"g26311","B",2.46234244030794
"g9361","B",0.682516829192826
"g13838","B",-0.827612204381971
"g18177","B",-0.971315965145104
"g4000","B",-0.948970904766359
"g12514","B",-0.748465733173859
"g26610","B",-1.87083474425044
"g4436","B",1.18715915771962
"g19356","B",1.2989901676341
"g29337","B",1.31887620726281
"g8726","B",0.605183289698177
"g9508","B",0.639746834838363
